admin3_pcode,battles,explosions_remote_violence,protests_and_riots,strategic_developments,violence_against_civilians,fatalities,conflict_score,index_battles,index_explosions_remote_violence,index_violence_against_civilians,index_fatalities,index_strategic_developments,index_protests_and_riots,env_battles,env_explosions_remote_violence,env_violence_against_civilians,env_fatalities,score_env,admin1,admin3,old_conflict_score,cluster
MMR001001,17,39,20,37,19,24,0.22731315136048896,0.08900523560209424,0.37500000000000006,0.2714285714285714,0.02625820568927791,0.2202380952380953,0.5714285714285714,0.08900523560209424,0.375,0.2714285714285714,0.0262582056892779,0.1904230031799859,Kachin,Myitkyina,0.25752871754408524,A2
MMR001002,40,37,2,14,7,11,0.14864631841816503,0.20942408376963348,0.3557692307692308,0.1,0.01203501094091904,0.08333333333333334,0.05714285714285714,0.2094240837696335,0.3557692307692308,0.1,0.01203501094091903,0.16930708136994585,Kachin,Waingmaw,0.1692582037413074,A2
MMR001003,9,1,0,1,0,0,0.00716246781697992,0.047120418848167533,0.00961538461538461,0,0,0.00595238095238096,0,0.04712041884816754,0.00961538461538461,0,0,0.01418395086588803,Kachin,Injangyang,0.01628632324056841,D
MMR001004,38,18,0,12,3,56,0.05764507428940019,0.19895287958115185,0.1730769230769231,0.04285714285714286,0.06126914660831511,0.07142857142857144,0,0.19895287958115185,0.17307692307692307,0.04285714285714286,0.06126914660831509,0.11903902303088322,Kachin,Tanai,0.11373356135653806,C
MMR001005,0,0,0,5,0,0,0.00998951743166176,0,0,0,0,0.02976190476190477,0,0,0,0,0,0,Kachin,Chipwi,0.00479088075990398,D
MMR001006,3,0,0,0,0,6,0.00285409754632707,0.0157068062827225,0,0,0.00656455142231948,0,0,0.01570680628272251,0,0,0.00656455142231947,0.00556783942626049,Kachin,Tsawlaw,NA,D
MMR001007,28,30,8,20,15,193,0.13672683849334163,0.14659685863874344,0.2884615384615385,0.21428571428571427,0.2111597374179431,0.11904761904761904,0.22857142857142856,0.14659685863874344,0.28846153846153844,0.21428571428571427,0.2111597374179431,0.2151259622009848,Kachin,Mohnyin,0.19701949455271053,A2
MMR001008,13,7,6,9,5,14,0.0626221477573314,0.06806282722513088,0.06730769230769232,0.07142857142857142,0.01531728665207878,0.05357142857142857,0.17142857142857143,0.06806282722513089,0.0673076923076923,0.07142857142857142,0.01531728665207877,0.05552909440336835,Kachin,Mogaung,0.08506374755679742,C
MMR001009,93,84,11,30,24,194,0.2580445911629891,0.4869109947643978,0.8076923076923077,0.3428571428571429,0.21225382932166303,0.17857142857142858,0.3142857142857143,0.4869109947643979,0.8076923076923077,0.34285714285714286,0.212253829321663,0.4624285686588778,Kachin,Hpakant,0.4005326391057958,A2
MMR001010,10,20,1,26,7,19,0.06832243790570439,0.05235602094240837,0.19230769230769235,0.1,0.02078774617067835,0.1547619047619048,0.02857142857142857,0.05235602094240838,0.19230769230769232,0.1,0.02078774617067833,0.09136286485519476,Kachin,Bhamo,0.08732515786341417,C
MMR001011,46,14,1,9,7,155,0.08507747707126265,0.2408376963350785,0.13461538461538464,0.1,0.16958424507658643,0.05357142857142857,0.02857142857142857,0.24083769633507857,0.1346153846153846,0.1,0.16958424507658643,0.1612593315067624,Kachin,Shwegu,0.1450541265872452,A2
MMR001012,106,78,0,14,11,140,0.2291755160668748,0.5549738219895288,0.7500000000000001,0.15714285714285714,0.15317286652078774,0.08333333333333334,0,0.5549738219895288,0.75,0.15714285714285714,0.15317286652078774,0.4038223864132934,Kachin,Momauk,0.3663404894849675,A2
MMR001013,30,19,0,1,0,8,0.07390758140884945,0.15706806282722513,0.1826923076923077,0,0.0087527352297593,0.00595238095238096,0,0.15706806282722513,0.18269230769230768,0,0.0087527352297593,0.08712827643732302,Kachin,Mansi,0.05675526881949739,C
MMR001014,32,7,0,24,7,66,0.05789476491349758,0.1675392670157068,0.06730769230769232,0.1,0.07221006564551424,0.14285714285714288,0,0.16753926701570682,0.0673076923076923,0.1,0.07221006564551423,0.10176425624222836,Kachin,Puta-O,0.06312482029995413,C
MMR001015,18,0,0,3,2,22,0.02200451260873998,0.09424083769633508,0,0.02857142857142856,0.02407002188183808,0.01785714285714286,0,0.09424083769633508,0,0.02857142857142857,0.02407002188183807,0.03672057203740043,Kachin,Sumprabum,0.02680863077761357,C
MMR001016,1,0,0,1,0,0,0.00111161114857472,0.00523560209424083,0,0,0,0.00595238095238096,0,0.00523560209424083,0,0,0,0.0013089005235602,Kachin,Machanbaw,0.0026955388323867302,C
MMR001017,0,0,0,5,1,0,0.0033012445969768,0,0,0.01428571428571428,0,0.02976190476190477,0,0,0,0.01428571428571428,0,0.00357142857142857,Kachin,Nawngmun,0.00847409610558601,C
MMR001018,0,0,0,0,1,0,0.00110158368097906,0,0,0.01428571428571428,0,0,0,0,0,0.01428571428571428,0,0.00357142857142857,Kachin,Khaunglanhpu,0.00248549515570602,D
MMR002001,80,44,11,49,28,264,0.3029087131602485,0.41884816753926696,0.4230769230769231,0.4,0.288840262582057,0.2916666666666667,0.3142857142857143,0.418848167539267,0.4230769230769231,0.4,0.2888402625820569,0.3826913382995618,Kayah,Loikaw,0.24568889085516096,A1
MMR002002,160,66,1,47,28,740,0.4732281863681852,0.837696335078534,0.6346153846153847,0.4,0.8096280087527352,0.2797619047619048,0.02857142857142857,0.837696335078534,0.6346153846153846,0.4,0.8096280087527352,0.6704849321116635,Kayah,Demoso,0.3986184108747939,A1
MMR002003,39,14,0,6,5,185,0.1034272822745438,0.2041884816753927,0.13461538461538464,0.07142857142857142,0.20240700218818383,0.03571428571428572,0,0.20418848167539264,0.1346153846153846,0.07142857142857142,0.2024070021881838,0.15315985997688314,Kayah,Hpruso,0.07916809925944682,A2
MMR002004,8,0,0,0,0,32,0.01028676244104207,0.0418848167539267,0,0,0.03501094091903721,0,0,0.0418848167539267,0,0,0.0350109409190372,0.01922393941824097,Kayah,Shadaw,0.00707933773600411,D
MMR002005,16,3,0,7,3,51,0.02666787638179214,0.0837696335078534,0.02884615384615385,0.04285714285714286,0.05579868708971555,0.04166666666666667,0,0.08376963350785341,0.02884615384615384,0.04285714285714286,0.05579868708971553,0.05281790432521641,Kayah,Bawlake,0.03951794735281969,C
MMR002006,4,0,0,0,0,0,0.00303051239768301,0.02094240837696334,0,0,0,0,0,0.02094240837696335,0,0,0,0.00523560209424083,Kayah,Hpasawng,0.00599127456964293,C
MMR003001,25,28,6,30,13,88,0.11189258343553786,0.13089005235602094,0.2692307692307693,0.18571428571428572,0.0962800875273523,0.17857142857142858,0.17142857142857143,0.13089005235602094,0.2692307692307692,0.18571428571428572,0.0962800875273523,0.17052879870710705,Kayin,Hpa-An,0.1402039233534155,A2
MMR003002,1,6,0,4,2,9,0.03469387648617323,0.00523560209424083,0.0576923076923077,0.02857142857142856,0.00984682713347922,0.02380952380952381,0,0.00523560209424083,0.05769230769230769,0.02857142857142857,0.00984682713347921,0.02533654137286408,Kayin,Hlaingbwe,0.0173341206263347,D
MMR003003,81,71,0,34,8,352,0.3263878572334436,0.4240837696335078,0.6826923076923077,0.1142857142857143,0.38512035010940926,0.2023809523809524,0,0.42408376963350786,0.6826923076923077,0.11428571428571428,0.3851203501094092,0.40154553543023475,Kayin,Hpapun,0.3058836838045253,A1
MMR003004,16,10,0,5,4,42,0.05163393013063688,0.0837696335078534,0.09615384615384616,0.05714285714285713,0.04595185995623633,0.02976190476190477,0,0.08376963350785341,0.09615384615384616,0.05714285714285714,0.04595185995623632,0.07075454919019826,Kayin,Thandaunggyi,0.0204775767422832,C
MMR003005,84,48,8,41,12,406,0.25542848822848513,0.43979057591623033,0.4615384615384616,0.17142857142857143,0.4442013129102846,0.24404761904761907,0.22857142857142856,0.4397905759162304,0.4615384615384616,0.17142857142857143,0.4442013129102845,0.37923973044838694,Kayin,Myawaddy,0.2358326676956738,A1
MMR003006,56,28,3,22,7,196,0.13931885438029165,0.2931937172774869,0.2692307692307693,0.1,0.21444201312910283,0.13095238095238096,0.08571428571428572,0.2931937172774869,0.2692307692307692,0.1,0.21444201312910283,0.21921662490933977,Kayin,Kawkareik,0.13287171303569217,A2
MMR003007,26,20,2,9,12,43,0.06585092828154966,0.13612565445026176,0.19230769230769235,0.17142857142857143,0.04704595185995624,0.05357142857142857,0.05714285714285714,0.13612565445026178,0.19230769230769232,0.17142857142857143,0.04704595185995623,0.13672696751162045,Kayin,Kyainseikgyi,0.09871791476834885,D
MMR004001,34,17,1,43,8,275,0.11569191193271572,0.17801047120418848,0.16346153846153846,0.1142857142857143,0.30087527352297594,0.255952380952381,0.02857142857142857,0.17801047120418848,0.16346153846153846,0.11428571428571428,0.30087527352297594,0.1891582493686043,Chin,Falam,0.08111154965361414,A2
MMR004002,33,11,7,31,6,160,0.11563150983480652,0.17277486910994763,0.10576923076923078,0.08571428571428572,0.175054704595186,0.1845238095238095,0.2,0.17277486910994763,0.10576923076923075,0.08571428571428572,0.175054704595186,0.13482827254716254,Chin,Hakha,0.17673404444595903,A2
MMR004003,22,9,0,27,4,115,0.08377225859684494,0.11518324607329844,0.08653846153846155,0.05714285714285713,0.12582056892778995,0.16071428571428573,0,0.11518324607329844,0.08653846153846154,0.05714285714285714,0.12582056892778992,0.09617128342060176,Chin,Thantlang,0.10420453912122224,A2
MMR004004,27,8,0,12,11,130,0.0591309857385577,0.1413612565445026,0.07692307692307694,0.15714285714285714,0.1422319474835886,0.07142857142857144,0,0.14136125654450263,0.07692307692307693,0.15714285714285714,0.1422319474835886,0.12941478452350633,Chin,Tedim,0.05595425628542317,D
MMR004005,2,0,0,1,0,12,0.00346141141435298,0.01047120418848166,0,0,0.01312910284463896,0.00595238095238096,0,0.01047120418848167,0,0,0.01312910284463895,0.00590007675828015,Chin,Tonzang,0.00119772018997599,D
MMR004006,92,20,1,42,9,415,0.1976579611705654,0.481675392670157,0.19230769230769235,0.1285714285714286,0.45404814004376376,0.25,0.02857142857142857,0.4816753926701571,0.19230769230769232,0.12857142857142856,0.4540481400437637,0.3141506633982604,Chin,Mindat,0.2853963664807971,A1
MMR004007,51,19,1,34,8,286,0.13148477262989314,0.26701570680628267,0.1826923076923077,0.1142857142857143,0.31291028446389507,0.2023809523809524,0.02857142857142857,0.2670157068062827,0.18269230769230768,0.11428571428571428,0.31291028446389496,0.21922600331204992,Chin,Matupi,0.07230131607971739,A2
MMR004008,39,3,0,13,4,127,0.06083479711752324,0.2041884816753927,0.02884615384615385,0.05714285714285713,0.13894967177242892,0.0773809523809524,0,0.20418848167539264,0.02884615384615384,0.05714285714285714,0.1389496717724289,0.10728179110920814,Chin,Kanpetlet,0.07735692382351121,A2
MMR004009,7,6,1,12,1,19,0.04200357979070341,0.03664921465968586,0.0576923076923077,0.01428571428571428,0.02078774617067835,0.07142857142857144,0.02857142857142857,0.03664921465968586,0.05769230769230769,0.01428571428571428,0.02078774617067833,0.03235374570209654,Chin,Paletwa,0.03237493880250704,D
MMR005001,14,32,4,47,14,96,0.1027532987816702,0.07329842931937172,0.3076923076923077,0.2,0.1050328227571116,0.2797619047619048,0.11428571428571428,0.07329842931937172,0.3076923076923077,0.2,0.1050328227571116,0.17150588994219773,Sagaing,Sagaing,0.13037574851322362,A2
MMR005002,21,37,2,13,8,177,0.09811736195857183,0.10994764397905758,0.3557692307692308,0.1142857142857143,0.19365426695842453,0.0773809523809524,0.05714285714285714,0.1099476439790576,0.3557692307692308,0.11428571428571428,0.1936542669584245,0.1934142139981068,Sagaing,Myinmu,0.06252946923152464,A2
MMR005003,24,42,0,55,21,307,0.14648830943105762,0.1256544502617801,0.40384615384615385,0.3,0.33588621444201316,0.3273809523809524,0,0.1256544502617801,0.40384615384615385,0.3,0.3358862144420131,0.2913467046374868,Sagaing,Myaung,0.2258076683618385,A2
MMR005004,21,58,13,50,37,252,0.29224734536792585,0.10994764397905758,0.5576923076923077,0.5285714285714286,0.275711159737418,0.2976190476190476,0.3714285714285714,0.1099476439790576,0.5576923076923077,0.5285714285714286,0.27571115973741794,0.367980634995053,Sagaing,Shwebo,0.23132166863818684,A1
MMR005005,56,60,2,81,67,347,0.24830266665027828,0.2931937172774869,0.576923076923077,0.9571428571428572,0.37964989059080967,0.48214285714285726,0.05714285714285714,0.2931937172774869,0.5769230769230769,0.9571428571428572,0.3796498905908096,0.5517273854835576,Sagaing,Khin-U,0.3188169551971124,A1
MMR005006,20,29,1,49,28,176,0.1156294286241967,0.10471204188481674,0.27884615384615385,0.4,0.1925601750547046,0.2916666666666667,0.02857142857142857,0.10471204188481675,0.27884615384615385,0.4,0.1925601750547046,0.2440295926964188,Sagaing,Wetlet,0.15183640037891,A2
MMR005007,13,25,1,39,25,96,0.0963570670389302,0.06806282722513088,0.2403846153846154,0.35714285714285715,0.1050328227571116,0.23214285714285715,0.02857142857142857,0.06806282722513089,0.2403846153846154,0.35714285714285715,0.1050328227571116,0.19265578062742875,Sagaing,Kanbalu,0.09207634226751396,A2
MMR005008,7,8,0,16,9,49,0.06837506194964024,0.03664921465968586,0.07692307692307694,0.1285714285714286,0.05361050328227572,0.09523809523809525,0,0.03664921465968586,0.07692307692307693,0.12857142857142856,0.05361050328227571,0.07393855585911677,Sagaing,Kyunhla,0.05844291866717362,C
MMR005009,24,42,0,50,27,266,0.18993547341556416,0.1256544502617801,0.40384615384615385,0.3857142857142858,0.2910284463894968,0.2976190476190476,0,0.1256544502617801,0.40384615384615385,0.3857142857142858,0.2910284463894967,0.3015608340529291,Sagaing,Ye-U,0.14105478770191193,A2
MMR005010,26,49,1,72,27,347,0.1775263466489167,0.13612565445026176,0.4711538461538462,0.3857142857142858,0.37964989059080967,0.42857142857142855,0.02857142857142857,0.13612565445026178,0.47115384615384615,0.3857142857142858,0.3796498905908096,0.34316091922730085,Sagaing,Tabayin,0.30423228699967503,A2
MMR005011,17,57,1,58,48,302,0.24995230898876497,0.08900523560209424,0.5480769230769231,0.6857142857142858,0.3304157549234136,0.3452380952380953,0.02857142857142857,0.08900523560209424,0.5480769230769231,0.6857142857142857,0.3304157549234136,0.4133030498291792,Sagaing,Taze,0.27134840554634115,A1
MMR005012,42,104,15,79,65,251,0.3231768982191175,0.21989528795811517,1,0.9285714285714286,0.2746170678336981,0.4702380952380953,0.4285714285714285,0.2198952879581152,1,0.9285714285714286,0.27461706783369805,0.6057709460908105,Sagaing,Monywa,0.4491456393528521,A1
MMR005013,17,36,0,19,19,151,0.08884963997724579,0.08900523560209424,0.34615384615384615,0.2714285714285714,0.1652078774617068,0.1130952380952381,0,0.08900523560209424,0.34615384615384615,0.2714285714285714,0.1652078774617068,0.21794888266155463,Sagaing,Budalin,0.091309929712035,A2
MMR005014,24,33,0,28,20,140,0.09240317495453368,0.1256544502617801,0.31730769230769235,0.2857142857142857,0.15317286652078774,0.16666666666666669,0,0.1256544502617801,0.3173076923076923,0.2857142857142857,0.15317286652078774,0.22046232370113647,Sagaing,Ayadaw,0.1349437904498207,A2
MMR005015,18,24,1,17,12,294,0.09569730332900718,0.09424083769633508,0.2307692307692308,0.17142857142857143,0.3216630196936543,0.1011904761904762,0.02857142857142857,0.09424083769633508,0.2307692307692308,0.17142857142857143,0.32166301969365424,0.2045254148969479,Sagaing,Chaung-U,0.09499665825414018,A2
MMR005016,87,76,5,83,45,556,0.3270714236572799,0.4554973821989528,0.730769230769231,0.6428571428571429,0.6083150984682714,0.4940476190476191,0.14285714285714285,0.45549738219895286,0.7307692307692307,0.6428571428571429,0.6083150984682714,0.6093597135733995,Sagaing,Yinmarbin,0.35264904944957803,A1
MMR005017,80,48,0,96,39,566,0.28351587409653684,0.41884816753926696,0.4615384615384616,0.5571428571428572,0.6192560175054704,0.5714285714285715,0,0.418848167539267,0.4615384615384616,0.5571428571428572,0.6192560175054704,0.514196375931514,Sagaing,Kani,0.41402168615969503,A1
MMR005018,10,22,0,10,13,130,0.06885651141293962,0.05235602094240837,0.2115384615384615,0.18571428571428572,0.1422319474835886,0.05952380952380953,0,0.05235602094240838,0.2115384615384615,0.18571428571428572,0.1422319474835886,0.14796017891968605,Sagaing,Salingyi,0.07643692635239269,A2
MMR005019,79,53,0,41,20,610,0.24040219535271237,0.4136125654450261,0.5096153846153847,0.2857142857142857,0.6673960612691465,0.24404761904761907,0,0.41361256544502617,0.5096153846153846,0.2857142857142857,0.6673960612691466,0.4690845742609608,Sagaing,Pale,0.3185781811688067,A1
MMR005020,56,34,0,41,3,533,0.1565249951850941,0.2931937172774869,0.3269230769230769,0.04285714285714286,0.5831509846827133,0.24404761904761907,0,0.2931937172774869,0.3269230769230769,0.04285714285714286,0.5831509846827133,0.311531230435105,Sagaing,Katha,0.18100745284833591,A1
MMR005021,12,13,2,4,2,96,0.04532865860582544,0.06282722513089005,0.12500000000000003,0.02857142857142856,0.1050328227571116,0.02380952380952381,0.05714285714285714,0.06282722513089005,0.125,0.02857142857142857,0.1050328227571116,0.08035786911485757,Sagaing,Indaw,0.03534677602057302,C
MMR005022,32,49,0,25,17,439,0.14580404727983662,0.1675392670157068,0.4711538461538462,0.24285714285714288,0.4803063457330417,0.14880952380952384,0,0.16753926701570682,0.47115384615384615,0.24285714285714283,0.4803063457330416,0.3404641504399344,Sagaing,Tigyaing,0.18190106845576132,A1
MMR005023,1,0,0,0,0,3,0.00109120929047594,0.00523560209424083,0,0,0.00328227571115974,0,0,0.00523560209424083,0,0,0.00328227571115973,0.00212946945135014,Sagaing,Banmauk,NA,C
MMR005024,15,18,3,21,10,244,0.09425896617657772,0.078534031413612565,0.1730769230769231,0.14285714285714285,0.2669584245076587,0.12500000000000003,0.08571428571428572,0.078534031413612565,0.17307692307692307,0.14285714285714285,0.26695842450765866,0.16535663046383428,Sagaing,Kawlin,0.1947363908409376,A2
MMR005025,2,3,0,1,2,20,0.01109038822719742,0.01047120418848166,0.02884615384615385,0.02857142857142856,0.02188183807439826,0.00595238095238096,0,0.01047120418848167,0.02884615384615384,0.02857142857142857,0.02188183807439825,0.02244265617011558,Sagaing,Wuntho,0.00911615600527812,C
MMR005026,18,6,1,13,6,128,0.09583182475470851,0.09424083769633508,0.0576923076923077,0.08571428571428572,0.1400437636761488,0.0773809523809524,0.02857142857142857,0.09424083769633508,0.05769230769230769,0.08571428571428572,0.1400437636761488,0.09442279869476931,Sagaing,Pinlebu,0.08020867923339095,A2
MMR005027,120,96,8,168,70,914,0.5317735668939273,0.6282722513089005,0.9230769230769232,1,1,1,0.22857142857142856,0.6282722513089005,0.9230769230769232,1,1,0.8878372935964559,Sagaing,Kale,0.6108640843380558,A1
MMR005028,2,2,0,5,0,30,0.00909317198856337,0.01047120418848166,0.01923076923076923,0,0.03282275711159738,0.02976190476190477,0,0.01047120418848167,0.01923076923076923,0,0.03282275711159737,0.01563118263271207,Sagaing,Kalewa,0.02208533919153952,D
MMR005029,66,24,0,58,37,540,0.28101399448268766,0.34554973821989526,0.2307692307692308,0.5285714285714286,0.5908096280087527,0.3452380952380953,0,0.34554973821989526,0.2307692307692308,0.5285714285714286,0.5908096280087527,0.4239250063923268,Sagaing,Mingin,0.26515448289092003,A1
MMR005030,30,8,2,12,11,200,0.08200918378679437,0.15706806282722513,0.07692307692307694,0.15714285714285714,0.21881838074398255,0.07142857142857144,0.05714285714285714,0.15706806282722513,0.07692307692307693,0.15714285714285714,0.2188183807439825,0.15248809440928543,Sagaing,Tamu,0.11955712852827154,A2
MMR005031,2,3,0,0,1,17,0.00685455495684513,0.01047120418848166,0.02884615384615385,0.01428571428571428,0.01859956236323852,0,0,0.01047120418848167,0.02884615384615384,0.01428571428571428,0.01859956236323851,0.01805065867089708,Sagaing,Mawlaik,0.0016082352688958,C
MMR005032,3,1,0,8,0,38,0.01152597009173546,0.0157068062827225,0.00961538461538461,0,0.04157549234135668,0.04761904761904762,0,0.01570680628272251,0.00961538461538461,0,0.04157549234135667,0.01672442080986595,Sagaing,Paungbyin,0.00119772018997599,D
MMR005033,5,3,2,9,1,10,0.02292419764295795,0.02617801047120418,0.02884615384615385,0.01428571428571428,0.01094091903719913,0.05357142857142857,0.05714285714285714,0.02617801047120419,0.02884615384615384,0.01428571428571428,0.01094091903719912,0.02006269941006786,Sagaing,Hkamti,0.03182944742747642,C
MMR005034,11,7,2,7,9,24,0.03955458448206115,0.05759162303664921,0.06730769230769232,0.1285714285714286,0.02625820568927791,0.04166666666666667,0.05714285714285714,0.05759162303664921,0.0673076923076923,0.12857142857142856,0.0262582056892779,0.06993223740126199,Sagaing,Homalin,0.0652842111429552,C
MMR005035,0,1,0,0,0,0,6.774249454037838e-4,0,0.00961538461538461,0,0,0,0,0,0.00961538461538461,0,0,0.00240384615384615,Sagaing,Lay Shi,NA,D
MMR005037,1,0,0,0,0,6,0.00151073961557671,0.00523560209424083,0,0,0.00656455142231948,0,0,0.00523560209424083,0,0,0.00656455142231947,0.00295003837914007,Sagaing,Nanyun,0.00371428876421522,D
MMR006001,29,14,18,51,29,124,0.20546101972521516,0.1518324607329843,0.13461538461538464,0.41428571428571426,0.13566739606126918,0.3035714285714286,0.5142857142857142,0.1518324607329843,0.1346153846153846,0.4142857142857143,0.13566739606126915,0.20910023892383808,Tanintharyi,Dawei,0.2405108966767509,A2
MMR006002,17,4,2,35,28,43,0.0774575998985953,0.08900523560209424,0.03846153846153847,0.4,0.04704595185995624,0.20833333333333337,0.05714285714285714,0.08900523560209424,0.03846153846153846,0.4,0.04704595185995623,0.14362818148089723,Tanintharyi,Launglon,0.10514862958759633,C
MMR006003,17,3,0,14,14,60,0.04370914296159058,0.08900523560209424,0.02884615384615385,0.2,0.06564551422319477,0.08333333333333334,0,0.08900523560209424,0.02884615384615384,0.2,0.06564551422319474,0.09587422591786073,Tanintharyi,Thayetchaung,0.0599174150558596,C
MMR006004,10,16,2,20,11,32,0.05402076330247435,0.05235602094240837,0.15384615384615388,0.15714285714285714,0.03501094091903721,0.11904761904761904,0.05714285714285714,0.05235602094240838,0.15384615384615383,0.15714285714285714,0.0350109409190372,0.09958899321261414,Tanintharyi,Yebyu,0.06348381038453674,C
MMR006005,7,6,7,22,11,55,0.07701304106054885,0.03664921465968586,0.0576923076923077,0.15714285714285714,0.0601750547045952,0.13095238095238096,0.2,0.03664921465968586,0.05769230769230769,0.15714285714285714,0.06017505470459518,0.07791485854986147,Tanintharyi,Myeik,0.08941572553437045,C
MMR006006,2,0,0,2,1,2,0.00360449286152902,0.01047120418848166,0,0.01428571428571428,0.00218818380743983,0.0119047619047619,0,0.01047120418848167,0,0.01428571428571428,0.00218818380743982,0.00673627557040894,Tanintharyi,Kyunsu,0.00488093553565802,D
MMR006007,29,16,0,23,18,118,0.07926135157264029,0.1518324607329843,0.15384615384615388,0.2571428571428572,0.1291028446389497,0.13690476190476192,0,0.1518324607329843,0.15384615384615383,0.2571428571428571,0.1291028446389497,0.17298107909023624,Tanintharyi,Palaw,0.08269480799721265,A2
MMR006008,27,4,0,13,9,52,0.04632873634693125,0.1413612565445026,0.03846153846153847,0.1285714285714286,0.05689277899343546,0.0773809523809524,0,0.14136125654450263,0.03846153846153846,0.12857142857142856,0.05689277899343545,0.09132175064272628,Tanintharyi,Tanintharyi,0.0316187967608238,C
MMR006009,1,0,4,8,2,10,0.02994097867611855,0.00523560209424083,0,0.02857142857142856,0.01094091903719913,0.04761904761904762,0.11428571428571428,0.00523560209424083,0,0.02857142857142857,0.01094091903719912,0.01118698742571713,Tanintharyi,Kawthoung,0.04348640098100072,C
MMR006010,3,0,0,1,0,3,0.00287449940442585,0.0157068062827225,0,0,0.00328227571115974,0.00595238095238096,0,0.01570680628272251,0,0,0.00328227571115973,0.00474727049847056,Tanintharyi,Bokpyin,NA,C
MMR007001,0,20,11,26,15,122,0.11947905205539353,0,0.19230769230769235,0.21428571428571427,0.13347921225382936,0.1547619047619048,0.3142857142857143,0,0.19230769230769232,0.21428571428571427,0.13347921225382933,0.13501815471180895,Bago-East,Bago,0.20092025597253135,A2
MMR007003,2,5,0,3,1,2,0.00743154977174749,0.01047120418848166,0.04807692307692308,0.01428571428571428,0.00218818380743983,0.01785714285714286,0,0.01047120418848167,0.04807692307692308,0.01428571428571428,0.00218818380743982,0.01875550633963971,Bago-East,Kawa,0.01168328829820864,C
MMR007004,0,6,0,3,4,6,0.01062974159613914,0,0.0576923076923077,0.05714285714285713,0.00656455142231948,0.01785714285714286,0,0,0.05769230769230769,0.05714285714285714,0.00656455142231947,0.03034992906437108,Bago-East,Waw,0.01661317521766831,C
MMR007005,5,10,2,6,2,16,0.02828702004236639,0.02617801047120418,0.09615384615384616,0.02857142857142856,0.0175054704595186,0.03571428571428572,0.05714285714285714,0.02617801047120419,0.09615384615384616,0.02857142857142857,0.0175054704595186,0.04210218891399937,Bago-East,Nyaunglebin,0.04813753977681366,C
MMR007006,0,2,3,6,3,5,0.02460959159108305,0,0.01923076923076923,0.04285714285714286,0.00547045951859957,0.03571428571428572,0.08571428571428572,0,0.01923076923076923,0.04285714285714286,0.00547045951859956,0.01688959290162791,Bago-East,Kyauktaga,0.03829138494264156,C
MMR007007,0,5,1,5,2,5,0.01402623033002264,0,0.04807692307692308,0.02857142857142856,0.00547045951859957,0.02976190476190477,0.02857142857142857,0,0.04807692307692308,0.02857142857142857,0.00547045951859956,0.0205297027917378,Bago-East,Daik-U,0.01825556443137159,C
MMR007008,0,1,0,3,1,11,0.00463708303468432,0,0.00961538461538461,0.01428571428571428,0.01203501094091904,0.01785714285714286,0,0,0.00961538461538461,0.01428571428571428,0.01203501094091903,0.00898402746050448,Bago-East,Shwegyin,0.00926492439546536,C
MMR007009,7,7,3,9,4,15,0.03693656950899696,0.03664921465968586,0.06730769230769232,0.05714285714285713,0.01641137855579869,0.05357142857142857,0.08571428571428572,0.03664921465968586,0.0673076923076923,0.05714285714285714,0.01641137855579868,0.0443777856665085,Bago-East,Taungoo,0.05024362026626448,C
MMR007010,2,1,0,3,6,16,0.01218757657883127,0.01047120418848166,0.00961538461538461,0.08571428571428572,0.0175054704595186,0.01785714285714286,0,0.01047120418848167,0.00961538461538461,0.08571428571428572,0.0175054704595186,0.03082658624441765,Bago-East,Yedashe,0.01459499451653298,C
MMR007011,14,8,0,6,3,54,0.03342130866360345,0.07329842931937172,0.07692307692307694,0.04285714285714286,0.05908096280087528,0.03571428571428572,0,0.07329842931937172,0.07692307692307693,0.04285714285714286,0.05908096280087528,0.06303990297511669,Bago-East,Kyaukkyi,0.06048777313828801,C
MMR007012,2,5,2,4,2,8,0.02088624651922079,0.01047120418848166,0.04807692307692308,0.02857142857142856,0.0087527352297593,0.02380952380952381,0.05714285714285714,0.01047120418848167,0.04807692307692308,0.02857142857142857,0.0087527352297593,0.02396807276664815,Bago-East,Phyu,0.0349462909150724,C
MMR007013,0,0,0,1,1,1,0.00168135930587886,0,0,0.01428571428571428,0.00109409190371991,0.00595238095238096,0,0,0,0.01428571428571428,0.00109409190371991,0.00384495154735854,Bago-East,Oktwin,0.00405262703264943,C
MMR007014,5,2,0,2,4,17,0.01260598000769137,0.02617801047120418,0.01923076923076923,0.05714285714285713,0.01859956236323852,0.0119047619047619,0,0.02617801047120419,0.01923076923076923,0.05714285714285714,0.01859956236323851,0.03028779980201727,Bago-East,Htantabin,0.0215358957396617,C
MMR008001,1,20,4,34,12,27,0.0683208896660775,0.00523560209424083,0.19230769230769235,0.17142857142857143,0.02954048140043764,0.2023809523809524,0.11428571428571428,0.00523560209424083,0.19230769230769232,0.17142857142857143,0.02954048140043764,0.09962808680773556,Bago-West,Pyay,0.11382699676765004,C
MMR008002,0,0,0,1,0,0,4.399321831995495e-4,0,0,0,0,0.00595238095238096,0,0,0,0,0,0,Bago-West,Paukkhaung,0.00119772018997599,C
MMR008003,0,5,0,9,0,0,0.00734651437581486,0,0.04807692307692308,0,0,0.05357142857142857,0,0,0.04807692307692308,0,0,0.01201923076923077,Bago-West,Padaung,0.01882065805426299,C
MMR008004,5,13,0,11,10,21,0.03095672221781613,0.02617801047120418,0.12500000000000003,0.14285714285714285,0.02297592997811816,0.0654761904761905,0,0.02617801047120419,0.125,0.14285714285714285,0.02297592997811816,0.0792527708266163,Bago-West,Paungde,0.04466920323271433,C
MMR008005,1,2,0,7,3,11,0.0099490830402196,0.00523560209424083,0.01923076923076923,0.04285714285714286,0.01203501094091904,0.04166666666666667,0,0.00523560209424083,0.01923076923076923,0.04285714285714286,0.01203501094091903,0.01983963128076799,Bago-West,Thegon,0.01436593358122327,C
MMR008006,1,1,0,3,2,2,0.00515175470573624,0.00523560209424083,0.00961538461538461,0.02857142857142856,0.00218818380743983,0.01785714285714286,0,0.00523560209424083,0.00961538461538461,0.02857142857142857,0.00218818380743982,0.01140264977212346,Bago-West,Shwedaung,0.00446314211156924,C
MMR008007,0,5,0,15,0,0,0.00998610747501215,0,0.04807692307692308,0,0,0.0892857142857143,0,0,0.04807692307692308,0,0,0.01201923076923077,Bago-West,Thayarwady,0.01799962789642337,C
MMR008008,0,1,0,4,1,1,0.0036785808008813,0,0.00961538461538461,0.01428571428571428,0.00109409190371991,0.02380952380952381,0,0,0.00961538461538461,0.01428571428571428,0.00109409190371991,0.0062487977012047,Bago-West,Letpadan,0.00805630268149723,C
MMR008009,2,2,0,5,0,6,0.0057369293877572,0.01047120418848166,0.01923076923076923,0,0.00656455142231948,0.02976190476190477,0,0.01047120418848167,0.01923076923076923,0,0.00656455142231947,0.00906663121039259,Bago-West,Minhla,0.00680963110771959,C
MMR008010,1,2,1,3,1,1,0.01012481264500728,0.00523560209424083,0.01923076923076923,0.01428571428571428,0.00109409190371991,0.01785714285714286,0.02857142857142857,0.00523560209424083,0.01923076923076923,0.01428571428571428,0.00109409190371991,0.00996154437861106,Bago-West,Okpho,0.01294318231938244,C
MMR008011,0,3,0,1,0,2,0.00275189390281141,0,0.02884615384615385,0,0.00218818380743983,0.00595238095238096,0,0,0.02884615384615384,0,0.00218818380743982,0.00775858441339841,Bago-West,Zigon,0.00395529391172643,C
MMR008012,9,6,0,7,9,47,0.02967608053191977,0.047120418848167533,0.0576923076923077,0.1285714285714286,0.05142231947483589,0.04166666666666667,0,0.04712041884816754,0.05769230769230769,0.12857142857142856,0.05142231947483589,0.07120161864668492,Bago-West,Nattalin,0.02108645925035944,C
MMR008013,1,1,1,3,1,2,0.00958723114130375,0.00523560209424083,0.00961538461538461,0.01428571428571428,0.00218818380743983,0.01785714285714286,0.02857142857142857,0.00523560209424083,0.00961538461538461,0.01428571428571428,0.00218818380743982,0.00783122120069489,Bago-West,Monyo,0.01342301063283493,C
MMR008014,3,5,1,2,3,10,0.01652227156602988,0.0157068062827225,0.04807692307692308,0.04285714285714286,0.01094091903719913,0.0119047619047619,0.02857142857142857,0.01570680628272251,0.04807692307692308,0.04285714285714286,0.01094091903719912,0.02939544781349689,Bago-West,Gyobingauk,0.02172318203779629,C
MMR009001,3,21,9,33,12,29,0.09786672782516546,0.0157068062827225,0.20192307692307693,0.17142857142857143,0.03172866520787747,0.19642857142857145,0.2571428571428571,0.01570680628272251,0.20192307692307693,0.17142857142857143,0.03172866520787746,0.10519677996056208,Magway,Magway,0.15974018963908382,C
MMR009002,0,4,1,6,2,2,0.01336920724271764,0,0.03846153846153847,0.02857142857142856,0.00218818380743983,0.03571428571428572,0.02857142857142857,0,0.03846153846153846,0.02857142857142857,0.00218818380743982,0.01730528771010171,Magway,Yenangyaung,0.02552409235513235,C
MMR009003,0,2,1,5,3,2,0.01267600884968959,0,0.01923076923076923,0.04285714285714286,0.00218818380743983,0.02976190476190477,0.02857142857142857,0,0.01923076923076923,0.04285714285714286,0.00218818380743982,0.01606902397383797,Magway,Chauk,0.01991218143738875,C
MMR009004,3,16,3,47,30,23,0.0864057385710824,0.0157068062827225,0.15384615384615388,0.42857142857142855,0.02516411378555799,0.2797619047619048,0.08571428571428572,0.01570680628272251,0.15384615384615383,0.42857142857142855,0.02516411378555799,0.15582212562146572,Magway,Taungdwingyi,0.17678362408489304,C
MMR009005,1,7,0,8,11,7,0.02202943563146954,0.00523560209424083,0.06730769230769232,0.15714285714285714,0.00765864332603939,0.04761904761904762,0,0.00523560209424083,0.0673076923076923,0.15714285714285714,0.00765864332603938,0.05933619871770741,Magway,Myothit,0.04697210495144968,D
MMR009006,4,6,0,16,12,11,0.03224041028839268,0.02094240837696334,0.0576923076923077,0.17142857142857143,0.01203501094091904,0.09523809523809525,0,0.02094240837696335,0.05769230769230769,0.17142857142857143,0.01203501094091903,0.06552457460969037,Magway,Natmauk,0.05094195555351406,D
MMR009007,1,8,1,12,0,1,0.01784649523187072,0.00523560209424083,0.07692307692307694,0,0.00109409190371991,0.07142857142857144,0.02857142857142857,0.00523560209424083,0.07692307692307693,0,0.00109409190371991,0.02081319273025942,Magway,Minbu,0.02209930242325239,C
MMR009008,2,21,3,20,7,14,0.05064799974851755,0.01047120418848166,0.20192307692307693,0.1,0.01531728665207878,0.11904761904761904,0.08571428571428572,0.01047120418848167,0.20192307692307693,0.1,0.01531728665207877,0.08192789194090935,Magway,Pwintbyu,0.08561911983614248,C
MMR009009,2,7,2,5,1,28,0.02437631374625398,0.01047120418848166,0.06730769230769232,0.01428571428571428,0.03063457330415755,0.02976190476190477,0.05714285714285714,0.01047120418848167,0.0673076923076923,0.01428571428571428,0.03063457330415754,0.03067479602151145,Magway,Ngape,0.01846868863432656,C
MMR009010,1,7,1,8,6,24,0.02443591585202517,0.00523560209424083,0.06730769230769232,0.08571428571428572,0.02625820568927791,0.04761904761904762,0.02857142857142857,0.00523560209424083,0.0673076923076923,0.08571428571428572,0.0262582056892779,0.04612894645137419,Magway,Salin,0.03798991989736465,C
MMR009011,3,2,0,6,1,13,0.00892902830921279,0.0157068062827225,0.01923076923076923,0.01428571428571428,0.01422319474835887,0.03571428571428572,0,0.01570680628272251,0.01923076923076923,0.01428571428571428,0.01422319474835886,0.01586162113689122,Magway,Sidoktaya,0.00488093553565802,C
MMR009012,2,3,0,4,2,5,0.00803774607021931,0.01047120418848166,0.02884615384615385,0.02857142857142856,0.00547045951859957,0.02380952380952381,0,0.01047120418848167,0.02884615384615384,0.02857142857142857,0.00547045951859956,0.01833981153116591,Magway,Thayet,0.01694377744195597,C
MMR009013,0,3,0,7,0,0,0.00511180011860819,0,0.02884615384615385,0,0,0.04166666666666667,0,0,0.02884615384615384,0,0,0.00721153846153846,Magway,Minhla,0.01160051186762358,C
MMR009014,2,5,0,6,0,14,0.00932788394077016,0.01047120418848166,0.04807692307692308,0,0.01531728665207878,0.03571428571428572,0,0.01047120418848167,0.04807692307692308,0,0.01531728665207877,0.01846635347937088,Magway,Mindon,0.00359316056992799,C
MMR009015,2,10,0,14,1,2,0.01565792851396145,0.01047120418848166,0.09615384615384616,0.01428571428571428,0.00218818380743983,0.08333333333333334,0,0.01047120418848167,0.09615384615384616,0.01428571428571428,0.00218818380743982,0.03077473710887048,Magway,Kamma,0.01277787020686854,C
MMR009016,1,1,1,7,4,4,0.01493139780043965,0.00523560209424083,0.00961538461538461,0.05714285714285713,0.00437636761487965,0.04166666666666667,0.02857142857142857,0.00523560209424083,0.00961538461538461,0.05714285714285714,0.00437636761487965,0.01909255286684056,Magway,Aunglan,0.02661924391047253,C
MMR009017,1,0,0,0,2,9,0.00413343730263561,0.00523560209424083,0,0.02857142857142856,0.00984682713347922,0,0,0.00523560209424083,0,0.02857142857142857,0.00984682713347921,0.01091346444978715,Magway,Sinbaungwe,0.00570981368534688,C
MMR009018,21,46,9,34,35,167,0.1719673246373667,0.10994764397905758,0.4423076923076924,0.5000000000000001,0.1827133479212254,0.2023809523809524,0.2571428571428571,0.1099476439790576,0.4423076923076923,0.5,0.18271334792122537,0.3087421710519938,Magway,Pakokku,0.14593524846700845,A2
MMR009019,47,94,2,104,33,233,0.22100970691490415,0.24607329842931933,0.903846153846154,0.4714285714285715,0.2549234135667397,0.6190476190476192,0.05714285714285714,0.24607329842931935,0.903846153846154,0.4714285714285714,0.2549234135667396,0.46906785931769607,Magway,Yesagyo,0.26995692299446256,A2
MMR009020,38,58,2,55,25,318,0.17209464431190277,0.19895287958115185,0.5576923076923077,0.35714285714285715,0.3479212253829322,0.3273809523809524,0.05714285714285714,0.19895287958115185,0.5576923076923077,0.35714285714285715,0.3479212253829322,0.3654273174498122,Magway,Myaing,0.19205110859803867,A2
MMR009021,45,37,0,91,36,438,0.2042000297989655,0.23560209424083764,0.3557692307692308,0.5142857142857143,0.47921225382932175,0.5416666666666667,0,0.2356020942408377,0.3557692307692308,0.5142857142857142,0.4792122538293216,0.3962173232812761,Magway,Pauk,0.24340516487865616,A1
MMR009022,1,4,0,4,6,14,0.01370841774946648,0.00523560209424083,0.03846153846153847,0.08571428571428572,0.01531728665207878,0.02380952380952381,0,0.00523560209424083,0.03846153846153846,0.08571428571428572,0.01531728665207877,0.03618217823053595,Magway,Seikphyu,0.01472558303755912,C
MMR009023,60,47,4,77,28,620,0.3501467986293922,0.31413612565445026,0.45192307692307704,0.4,0.6783369803063457,0.4583333333333333,0.11428571428571428,0.31413612565445026,0.4519230769230769,0.4,0.6783369803063457,0.4610990457209682,Magway,Gangaw,0.4305544328906761,A1
MMR009024,32,8,1,14,5,197,0.0716663135564221,0.1675392670157068,0.07692307692307694,0.07142857142857142,0.2155361050328228,0.08333333333333334,0.02857142857142857,0.16753926701570682,0.07692307692307693,0.07142857142857142,0.21553610503282275,0.1328567551000445,Magway,Tilin,0.0762742980005223,A2
MMR009025,55,22,0,36,7,339,0.13269973826385772,0.28795811518324604,0.2115384615384615,0.1,0.3708971553610504,0.2142857142857143,0,0.2879581151832461,0.2115384615384615,0.1,0.37089715536105033,0.2425984330206895,Magway,Saw,0.15437215808422353,A2
MMR010001,7,25,6,12,13,15,0.07655716276862654,0.03664921465968586,0.2403846153846154,0.18571428571428572,0.01641137855579869,0.07142857142857144,0.17142857142857143,0.03664921465968586,0.2403846153846154,0.18571428571428572,0.01641137855579868,0.1197898735785964,Mandalay,Aungmyaythazan,0.07950148669237887,B
MMR010002,4,53,35,62,35,91,0.31094431943439393,0.02094240837696334,0.5096153846153847,0.5000000000000001,0.09956236323851204,0.3690476190476191,1,0.02094240837696335,0.5096153846153846,0.5,0.09956236323851204,0.282530039057715,Mandalay,Chanayethazan,0.4332886792371201,B
MMR010003,9,43,12,35,36,51,0.16380575919324172,0.047120418848167533,0.4134615384615385,0.5142857142857143,0.05579868708971555,0.20833333333333337,0.3428571428571428,0.04712041884816754,0.4134615384615384,0.5142857142857142,0.05579868708971553,0.2576665896712839,Mandalay,Mahaaungmyay,0.21963015264402871,B
MMR010004,11,50,7,26,29,54,0.1309548460685371,0.05759162303664921,0.4807692307692308,0.41428571428571426,0.05908096280087528,0.1547619047619048,0.2,0.05759162303664921,0.4807692307692308,0.4142857142857143,0.05908096280087528,0.2529318827231174,Mandalay,Chanmyathazi,0.20906269830662952,B
MMR010005,4,35,5,9,15,37,0.07973924173975738,0.02094240837696334,0.33653846153846156,0.21428571428571427,0.04048140043763677,0.05357142857142857,0.14285714285714285,0.02094240837696335,0.33653846153846156,0.21428571428571427,0.04048140043763676,0.153061996159694,Mandalay,Pyigyitagon,0.09909546441258286,B
MMR010006,1,19,1,18,19,15,0.05002633390629157,0.00523560209424083,0.1826923076923077,0.2714285714285714,0.01641137855579869,0.10714285714285716,0.02857142857142857,0.00523560209424083,0.18269230769230768,0.2714285714285714,0.01641137855579868,0.11894196494272966,Mandalay,Amarapura,0.07559267894344697,C
MMR010007,5,20,0,7,8,14,0.0307568966489845,0.02617801047120418,0.19230769230769235,0.1142857142857143,0.01531728665207878,0.04166666666666667,0,0.02617801047120419,0.19230769230769232,0.11428571428571428,0.01531728665207877,0.08702217592917239,Mandalay,Patheingyi,0.04434318886697195,C
MMR010008,4,1,3,12,4,42,0.03553426663026583,0.02094240837696334,0.00961538461538461,0.05714285714285713,0.04595185995623633,0.07142857142857144,0.08571428571428572,0.02094240837696335,0.00961538461538461,0.05714285714285714,0.04595185995623632,0.03341312752286036,Mandalay,Pyinoolwin,0.04226409912065886,C
MMR010009,13,38,2,48,37,179,0.13245541176246386,0.06806282722513088,0.3653846153846154,0.5285714285714286,0.19584245076586437,0.28571428571428575,0.05714285714285714,0.06806282722513089,0.36538461538461536,0.5285714285714286,0.19584245076586437,0.28946533048675976,Mandalay,Madaya,0.17357897741413278,A2
MMR010010,5,6,1,12,13,40,0.03815351633497784,0.02617801047120418,0.0576923076923077,0.18571428571428572,0.04376367614879652,0.07142857142857144,0.02857142857142857,0.02617801047120419,0.05769230769230769,0.18571428571428572,0.0437636761487965,0.07833707000664852,Mandalay,Singu,0.05552202804047587,C
MMR010011,16,27,10,69,36,71,0.16434915565410413,0.0837696335078534,0.25961538461538464,0.5142857142857143,0.07768052516411379,0.41071428571428575,0.2857142857142857,0.08376963350785341,0.25961538461538464,0.5142857142857142,0.07768052516411379,0.23383781439326656,Mandalay,Mogoke,0.2931751797540419,A2
MMR010012,2,11,0,11,7,12,0.02302349341264353,0.01047120418848166,0.10576923076923078,0.1,0.01312910284463896,0.0654761904761905,0,0.01047120418848167,0.10576923076923075,0.1,0.01312910284463895,0.05734238445058785,Mandalay,Thabeikkyin,0.04364350385374093,C
MMR010013,8,17,4,13,9,46,0.06110406608966955,0.0418848167539267,0.16346153846153846,0.1285714285714286,0.05032822757111598,0.0773809523809524,0.11428571428571428,0.0418848167539267,0.16346153846153846,0.12857142857142856,0.05032822757111598,0.09606150283950245,Mandalay,Kyaukse,0.07768988945115968,C
MMR010014,3,13,2,12,9,45,0.04338207562318558,0.0157068062827225,0.12500000000000003,0.1285714285714286,0.04923413566739607,0.07142857142857144,0.05714285714285714,0.01570680628272251,0.125,0.12857142857142856,0.04923413566739606,0.07962809263038677,Mandalay,Sintgaing,0.0754865162977018,C
MMR010015,0,8,0,8,1,0,0.01004044070980572,0,0.07692307692307694,0.01428571428571428,0,0.04761904761904762,0,0,0.07692307692307693,0.01428571428571428,0,0.0228021978021978,Mandalay,Myittha,0.01853402279788063,C
MMR010016,5,6,1,1,5,28,0.02282347157154721,0.02617801047120418,0.0576923076923077,0.07142857142857142,0.03063457330415755,0.00595238095238096,0.02857142857142857,0.02617801047120419,0.05769230769230769,0.07142857142857142,0.03063457330415754,0.04648336572406022,Mandalay,Tada-U,0.01533134435416547,C
MMR010017,20,24,10,59,51,187,0.1933498692993137,0.10471204188481674,0.2307692307692308,0.7285714285714285,0.20459518599562365,0.3511904761904762,0.2857142857142857,0.10471204188481675,0.2307692307692308,0.7285714285714285,0.2045951859956236,0.31716197180527494,Mandalay,Myingyan,0.337270425971753,A2
MMR010018,5,13,2,26,15,30,0.05539633457910015,0.02617801047120418,0.12500000000000003,0.21428571428571427,0.03282275711159738,0.1547619047619048,0.05714285714285714,0.02617801047120419,0.125,0.21428571428571427,0.03282275711159737,0.09957162046712896,Mandalay,Taungtha,0.08609599621599455,C
MMR010019,10,21,2,16,9,129,0.06700980577966185,0.05235602094240837,0.20192307692307693,0.1285714285714286,0.14113785557986874,0.09523809523809525,0.05714285714285714,0.05235602094240838,0.20192307692307693,0.12857142857142856,0.14113785557986872,0.13099709550419564,Mandalay,Natogyi,0.07057987362347962,A2
MMR010020,1,17,4,17,10,15,0.05492847905311261,0.00523560209424083,0.16346153846153846,0.14285714285714285,0.01641137855579869,0.1011904761904762,0.11428571428571428,0.00523560209424083,0.16346153846153846,0.14285714285714285,0.01641137855579868,0.0819914154921802,Mandalay,Kyaukpadaung,0.09079652565202084,C
MMR010021,2,5,0,12,3,9,0.01457301087440336,0.01047120418848166,0.04807692307692308,0.04285714285714286,0.00984682713347922,0.07142857142857144,0,0.01047120418848167,0.04807692307692308,0.04285714285714286,0.00984682713347921,0.0278130243140067,Mandalay,Ngazun,0.02640555006083727,C
MMR010022,1,6,5,7,9,15,0.047512959257243,0.00523560209424083,0.0576923076923077,0.1285714285714286,0.01641137855579869,0.04166666666666667,0.14285714285714285,0.00523560209424083,0.05769230769230769,0.12857142857142856,0.01641137855579868,0.05197767922844395,Mandalay,Nyaung-U,0.07015006955835613,C
MMR010023,0,0,0,1,0,0,4.399321831995495e-4,0,0,0,0,0.00595238095238096,0,0,0,0,0,0,Mandalay,Yamethin,NA,C
MMR010024,0,1,0,1,0,2,0.00139704401200384,0,0.00961538461538461,0,0.00218818380743983,0.00595238095238096,0,0,0.00961538461538461,0,0.00218818380743982,0.00295089210570611,Mandalay,Pyawbwe,0.00354477883280663,C
MMR010028,2,6,7,15,8,17,0.06195631912372917,0.01047120418848166,0.0576923076923077,0.1142857142857143,0.01859956236323852,0.0892857142857143,0.2,0.01047120418848167,0.05769230769230769,0.11428571428571428,0.01859956236323851,0.05026219713243554,Mandalay,Meiktila,0.09240408447402296,C
MMR010029,0,3,3,6,4,3,0.02610891333406538,0,0.02884615384615385,0.05714285714285713,0.00328227571115974,0.03571428571428572,0.08571428571428572,0,0.02884615384615384,0.05714285714285714,0.00328227571115973,0.02231782167504268,Mandalay,Mahlaing,0.02953736227916188,C
MMR010030,0,5,1,2,0,0,0.00980404920996459,0,0.04807692307692308,0,0,0.0119047619047619,0.02857142857142857,0,0.04807692307692308,0,0,0.01201923076923077,Mandalay,Thazi,0.01663163317877728,C
MMR010031,2,2,3,5,9,13,0.03324126695811029,0.01047120418848166,0.01923076923076923,0.1285714285714286,0.01422319474835887,0.02976190476190477,0.08571428571428572,0.01047120418848167,0.01923076923076923,0.12857142857142856,0.01422319474835886,0.04312414918475958,Mandalay,Wundwin,0.05365379236617998,C
MMR011001,0,14,13,21,6,12,0.09913517854096902,0,0.13461538461538464,0.08571428571428572,0.01312910284463896,0.12500000000000003,0.3714285714285714,0,0.1346153846153846,0.08571428571428572,0.01312910284463895,0.05836469329357732,Mon,Mawlamyine,0.13752244119287266,C
MMR011002,3,6,0,2,2,9,0.01042120927220777,0.0157068062827225,0.0576923076923077,0.02857142857142856,0.00984682713347922,0.0119047619047619,0,0.01570680628272251,0.05769230769230769,0.02857142857142857,0.00984682713347921,0.0279543424199845,Mon,Kyaikmaraw,0.00726909757044104,C
MMR011003,1,2,0,5,3,4,0.0080903145819187,0.00523560209424083,0.01923076923076923,0.04285714285714286,0.00437636761487965,0.02976190476190477,0,0.00523560209424083,0.01923076923076923,0.04285714285714286,0.00437636761487965,0.01792497044925814,Mon,Chaungzon,0.01454604313273134,C
MMR011004,0,4,1,3,4,5,0.01467210838017789,0,0.03846153846153847,0.05714285714285713,0.00547045951859957,0.01785714285714286,0.02857142857142857,0,0.03846153846153846,0.05714285714285714,0.00547045951859956,0.02526871378074879,Mon,Thanbyuzayat,0.02115157466599742,C
MMR011005,0,4,1,13,3,3,0.01769015964779381,0,0.03846153846153847,0.04285714285714286,0.00328227571115974,0.0773809523809524,0.02857142857142857,0,0.03846153846153846,0.04285714285714286,0.00328227571115973,0.02115023925746026,Mon,Mudon,0.03074061453097436,C
MMR011006,43,54,7,42,20,176,0.16934383443197046,0.22513089005235604,0.5192307692307693,0.2857142857142857,0.1925601750547046,0.25,0.2,0.225130890052356,0.5192307692307693,0.2857142857142857,0.1925601750547046,0.3056590300130289,Mon,Ye,0.22842025722716824,A2
MMR011007,31,42,3,17,15,112,0.10560744320543322,0.16230366492146597,0.40384615384615385,0.21428571428571427,0.12253829321663022,0.1011904761904762,0.08571428571428572,0.16230366492146597,0.40384615384615385,0.21428571428571427,0.1225382932166302,0.2257434565674911,Mon,Thaton,0.1852094646399963,A2
MMR011008,0,12,0,9,4,4,0.01705419748435862,0,0.1153846153846154,0.05714285714285713,0.00437636761487965,0.05357142857142857,0,0,0.1153846153846154,0.05714285714285714,0.00437636761487965,0.04422596003558804,Mon,Paung,0.03468830119950777,C
MMR011009,30,43,1,14,20,157,0.12015865316073764,0.15706806282722513,0.4134615384615385,0.2857142857142857,0.17177242888402627,0.08333333333333334,0.02857142857142857,0.15706806282722513,0.4134615384615384,0.2857142857142857,0.17177242888402625,0.25700407897176886,Mon,Kyaikto,0.16296723966575533,A2
MMR011010,20,27,0,12,14,46,0.06520698491855219,0.10471204188481674,0.25961538461538464,0.2,0.05032822757111598,0.07142857142857144,0,0.10471204188481675,0.25961538461538464,0.2,0.05032822757111598,0.15366391351782935,Mon,Bilin,0.07234004556860718,C
MMR012001,0,0,2,15,6,1,0.3530460975607853,0,0,0.08571428571428572,0.00109409190371991,0.0892857142857143,0.05714285714285714,0,0,0.08571428571428572,0.00109409190371991,0.0217020944045014,Rakhine,Sittwe,0.03237324151404607,A2
MMR012002,0,3,0,2,1,5,0.00941435772438379,0,0.02884615384615385,0.01428571428571428,0.00547045951859957,0.0119047619047619,0,0,0.02884615384615384,0.01428571428571428,0.00547045951859956,0.01215058191261692,Rakhine,Ponnagyun,0.01035497958720651,D
MMR012003,0,2,0,5,3,1,0.06658190998297078,0,0.01923076923076923,0.04285714285714286,0.00109409190371991,0.02976190476190477,0,0,0.01923076923076923,0.04285714285714286,0.00109409190371991,0.015795500997908,Rakhine,Mrauk-U,0.00976187107131604,D
MMR012004,0,6,0,7,0,5,0.04790418354196373,0,0.0576923076923077,0,0.00547045951859957,0.04166666666666667,0,0,0.05769230769230769,0,0.00547045951859956,0.01579069180272681,Rakhine,Kyauktaw,0.01307088027032427,D
MMR012005,0,3,0,0,2,3,0.01055108311879675,0,0.02884615384615385,0.02857142857142856,0.00328227571115974,0,0,0,0.02884615384615384,0.02857142857142857,0.00328227571115973,0.01517496453218554,Rakhine,Minbya,0.00694863726727527,D
MMR012006,2,1,0,0,0,0,0.01903011650377359,0.01047120418848166,0.00961538461538461,0,0,0,0,0.01047120418848167,0.00961538461538461,0,0,0.00502164720096657,Rakhine,Myebon,0.0016082352688958,D
MMR012007,0,0,0,2,1,0,0.07341090838152137,0,0,0.01428571428571428,0,0.0119047619047619,0,0,0,0.01428571428571428,0,0.00357142857142857,Rakhine,Pauktaw,0.00119772018997599,D
MMR012008,0,1,0,0,2,0,0.05445866764811195,0,0.00961538461538461,0.02857142857142856,0,0,0,0,0.00961538461538461,0.02857142857142857,0,0.00954670329670329,Rakhine,Rathedaung,0.00409373042460183,D
MMR012009,16,4,0,12,9,43,0.05758303962675538,0.0837696335078534,0.03846153846153847,0.1285714285714286,0.04704595185995624,0.07142857142857144,0,0.08376963350785341,0.03846153846153846,0.12857142857142856,0.04704595185995623,0.07446213810019417,Rakhine,Maungdaw,0.04333719333440177,C
MMR012010,2,3,0,8,7,5,0.04011031329346599,0.01047120418848166,0.02884615384615385,0.1,0.00547045951859957,0.04761904761904762,0,0.01047120418848167,0.02884615384615384,0.1,0.00547045951859956,0.03619695438830877,Rakhine,Buthidaung,0.02362033614318682,D
MMR012011,0,0,0,3,2,0,0.00639080001754415,0,0,0.02857142857142856,0,0.01785714285714286,0,0,0,0.02857142857142857,0,0.00714285714285714,Rakhine,Kyaukpyu,0.00736643069136404,D
MMR012012,0,0,0,1,0,0,4.399321831995495e-4,0,0,0,0,0.00595238095238096,0,0,0,0,0,0,Rakhine,Munaung,NA,C
MMR012013,0,0,0,2,0,0,8.79864366399098e-4,0,0,0,0,0.0119047619047619,0,0,0,0,0,0,Rakhine,Ramree,0.00239544037995199,D
MMR012014,0,7,1,6,0,1,0.02259596018319467,0,0.06730769230769232,0,0.00109409190371991,0.03571428571428572,0.02857142857142857,0,0.0673076923076923,0,0.00109409190371991,0.01710044605285305,Rakhine,Ann,0.01943758863764908,D
MMR012015,0,0,5,9,1,1,0.03288611735420813,0,0,0.01428571428571428,0.00109409190371991,0.05357142857142857,0.14285714285714285,0,0,0.01428571428571428,0.00109409190371991,0.00384495154735854,Rakhine,Thandwe,0.03981859006428479,C
MMR012016,0,0,3,9,1,0,0.02167215367941472,0,0,0.01428571428571428,0,0.05357142857142857,0.08571428571428572,0,0,0.01428571428571428,0,0.00357142857142857,Rakhine,Toungup,0.02945458584857682,C
MMR012017,0,0,1,6,0,0,0.00817665321574386,0,0,0,0,0.03571428571428572,0.02857142857142857,0,0,0,0,0,Rakhine,Gwa,0.01098589721425026,C
MMR013001,0,33,19,25,20,21,0.1635258558879851,0,0.31730769230769235,0.2857142857142857,0.02297592997811816,0.14880952380952384,0.5428571428571427,0,0.3173076923076923,0.2857142857142857,0.02297592997811816,0.15649947700002403,Yangon,Insein,0.2176007824223431,B
MMR013002,5,24,0,22,14,18,0.04723445503126827,0.02617801047120418,0.2307692307692308,0.2,0.01969365426695843,0.13095238095238096,0,0.02617801047120419,0.2307692307692308,0.2,0.01969365426695842,0.11916022387684835,Yangon,Mingaladon,0.07926336877866734,C
MMR013003,0,10,0,3,2,4,0.01085658713239563,0,0.09615384615384616,0.02857142857142856,0.00437636761487965,0.01785714285714286,0,0,0.09615384615384616,0.02857142857142857,0.00437636761487965,0.03227541058503859,Yangon,Hmawbi,0.01770571429487205,C
MMR013004,2,5,0,14,10,7,0.02288427412425538,0.01047120418848166,0.04807692307692308,0.14285714285714285,0.00765864332603939,0.08333333333333334,0,0.01047120418848167,0.04807692307692308,0.14285714285714285,0.00765864332603938,0.05226597836214675,Yangon,Hlegu,0.05404800946482061,C
MMR013005,1,4,2,5,3,13,0.02177787568112173,0.00523560209424083,0.03846153846153847,0.04285714285714286,0.01422319474835887,0.02976190476190477,0.05714285714285714,0.00523560209424083,0.03846153846153846,0.04285714285714286,0.01422319474835886,0.02519436954032025,Yangon,Taikkyi,0.03299685380178947,C
MMR013006,1,2,0,0,1,4,0.00391668399475103,0.00523560209424083,0.01923076923076923,0.01428571428571428,0.00437636761487965,0,0,0.00523560209424083,0.01923076923076923,0.01428571428571428,0.00437636761487965,0.010782113306401,Yangon,Htantabin,0.00546096054598642,C
MMR013007,2,28,5,12,13,34,0.0723510080537203,0.01047120418848166,0.2692307692307693,0.18571428571428572,0.03719912472647704,0.07142857142857144,0.14285714285714285,0.01047120418848167,0.2692307692307692,0.18571428571428572,0.03719912472647702,0.12565384596500342,Yangon,Shwepyithar,0.10243508238606266,B
MMR013008,8,60,7,31,25,82,0.1374230011861381,0.0418848167539267,0.576923076923077,0.35714285714285715,0.08971553610503283,0.1845238095238095,0.2,0.0418848167539267,0.5769230769230769,0.35714285714285715,0.08971553610503283,0.2664165717312234,Yangon,Hlaingtharya,0.2317000426221071,B
MMR013009,1,28,8,20,8,28,0.08546298784848438,0.00523560209424083,0.2692307692307693,0.1142857142857143,0.03063457330415755,0.11904761904761904,0.22857142857142856,0.00523560209424083,0.2692307692307692,0.11428571428571428,0.03063457330415754,0.10484666472872048,Yangon,Thingangyun,0.12858644755105322,B
MMR013010,0,11,4,9,2,2,0.03604215875978249,0,0.10576923076923078,0.02857142857142856,0.00218818380743983,0.05357142857142857,0.11428571428571428,0,0.10576923076923075,0.02857142857142857,0.00218818380743982,0.03413221078702479,Yangon,Yankin,0.05615399371149798,B
MMR013011,1,22,10,15,8,3,0.08677681145065066,0.00523560209424083,0.2115384615384615,0.1142857142857143,0.00328227571115974,0.0892857142857143,0.2857142857142857,0.00523560209424083,0.2115384615384615,0.11428571428571428,0.00328227571115973,0.0835855134073941,Yangon,South Okkalapa,0.11352282098197888,B
MMR013012,3,24,9,13,10,20,0.08763860066012541,0.0157068062827225,0.2307692307692308,0.14285714285714285,0.02188183807439826,0.0773809523809524,0.2571428571428571,0.01570680628272251,0.2307692307692308,0.14285714285714285,0.02188183807439825,0.1028037544958736,Yangon,North Okkalapa,0.12086452585947202,B
MMR013013,6,28,19,17,16,28,0.1572219168556064,0.03141361256544502,0.2692307692307693,0.2285714285714286,0.03063457330415755,0.1011904761904762,0.5428571428571427,0.03141361256544502,0.2692307692307692,0.22857142857142856,0.03063457330415754,0.13996259591795007,Yangon,Thaketa,0.21145178611651855,B
MMR013014,1,11,3,9,7,8,0.03752375666370795,0.00523560209424083,0.10576923076923078,0.1,0.0087527352297593,0.05357142857142857,0.08571428571428572,0.00523560209424083,0.10576923076923075,0.1,0.0087527352297593,0.05493939202330773,Yangon,Dawbon,0.04693046426271741,B
MMR013015,1,21,26,25,8,10,0.1800705742938893,0.00523560209424083,0.20192307692307693,0.1142857142857143,0.01094091903719913,0.14880952380952384,0.7428571428571428,0.00523560209424083,0.20192307692307693,0.11428571428571428,0.01094091903719912,0.08309632808505779,Yangon,Tamwe,0.22726777214456867,B
MMR013016,0,7,2,8,4,4,0.0243012608072333,0,0.06730769230769232,0.05714285714285713,0.00437636761487965,0.04761904761904762,0.05714285714285714,0,0.0673076923076923,0.05714285714285714,0.00437636761487965,0.03220672926635727,Yangon,Pazundaung,0.03208067250459678,B
MMR013017,1,6,1,5,4,8,0.0179980319278605,0.00523560209424083,0.0576923076923077,0.05714285714285713,0.0087527352297593,0.02976190476190477,0.02857142857142857,0.00523560209424083,0.05769230769230769,0.05714285714285714,0.0087527352297593,0.03220587553979125,Yangon,Botahtaung,0.0337426266228692,B
MMR013018,8,28,10,16,21,51,0.1170161191182393,0.0418848167539267,0.2692307692307693,0.3,0.05579868708971555,0.09523809523809525,0.2857142857142857,0.0418848167539267,0.2692307692307692,0.3,0.05579868708971553,0.16672856826860288,Yangon,Dagon Myothit (South),0.17419418075540027,B
MMR013019,3,23,9,24,12,32,0.09568171839227786,0.0157068062827225,0.22115384615384617,0.17142857142857143,0.03501094091903721,0.14285714285714288,0.2571428571428571,0.01570680628272251,0.22115384615384617,0.17142857142857143,0.0350109409190372,0.11082504119604432,Yangon,Dagon Myothit (North),0.12552662038942947,B
MMR013020,0,7,0,11,2,8,0.0129031435285817,0,0.06730769230769232,0.02857142857142856,0.0087527352297593,0.0654761904761905,0,0,0.0673076923076923,0.02857142857142857,0.0087527352297593,0.02615796402722004,Yangon,Dagon Myothit (East),0.01837017887675135,C
MMR013021,0,11,4,7,11,15,0.0468945122642983,0,0.10576923076923078,0.15714285714285714,0.01641137855579869,0.04166666666666667,0.11428571428571428,0,0.10576923076923075,0.15714285714285714,0.01641137855579868,0.06983086661697165,Yangon,Dagon Myothit (Seikkan),0.07033961244247172,C
MMR013022,0,10,12,3,8,7,0.08433034094192965,0,0.09615384615384616,0.1142857142857143,0.00765864332603939,0.01785714285714286,0.3428571428571428,0,0.09615384615384616,0.11428571428571428,0.00765864332603938,0.05452455094139995,Yangon,Mingalartaungnyunt,0.09963237874519962,B
MMR013023,7,14,2,14,17,21,0.0530825076435155,0.03664921465968586,0.13461538461538464,0.24285714285714288,0.02297592997811816,0.08333333333333334,0.05714285714285714,0.03664921465968586,0.1346153846153846,0.24285714285714283,0.02297592997811816,0.10927441802758286,Yangon,Thanlyin,0.07736806255515173,C
MMR013024,0,1,0,2,5,6,0.00790426836689973,0,0.00961538461538461,0.07142857142857142,0.00656455142231948,0.0119047619047619,0,0,0.00961538461538461,0.07142857142857142,0.00656455142231947,0.02190212686656887,Yangon,Kyauktan,0.00570981368534688,C
MMR013025,0,2,0,7,2,4,0.00719691630196356,0,0.01923076923076923,0.02857142857142856,0.00437636761487965,0.04166666666666667,0,0,0.01923076923076923,0.02857142857142857,0.00437636761487965,0.01304464135426936,Yangon,Thongwa,0.01644091365800949,C
MMR013026,5,6,0,11,6,24,0.02222794320117417,0.02617801047120418,0.0576923076923077,0.08571428571428572,0.02625820568927791,0.0654761904761905,0,0.02617801047120419,0.05769230769230769,0.08571428571428572,0.0262582056892779,0.04896070239176887,Yangon,Kayan,0.03451423734876934,C
MMR013027,5,8,1,16,8,18,0.03268362083628264,0.02617801047120418,0.07692307692307694,0.1142857142857143,0.01969365426695843,0.09523809523809525,0.02857142857142857,0.02617801047120419,0.07692307692307693,0.11428571428571428,0.01969365426695842,0.05927011398673846,Yangon,Twantay,0.04946270681991501,C
MMR013028,5,1,0,9,11,24,0.02346887251265146,0.02617801047120418,0.00961538461538461,0.15714285714285714,0.02625820568927791,0.05357142857142857,0,0.02617801047120419,0.00961538461538461,0.15714285714285714,0.0262582056892779,0.05479861447968096,Yangon,Kawhmu,0.03266499693236233,D
MMR013029,1,3,2,3,6,16,0.02394486773735681,0.00523560209424083,0.02884615384615385,0.08571428571428572,0.0175054704595186,0.01785714285714286,0.05714285714285714,0.00523560209424083,0.02884615384615384,0.08571428571428572,0.0175054704595186,0.03432537802854975,Yangon,Kungyangon,0.03783782523885565,C
MMR013030,0,4,2,4,0,8,0.01666229628110853,0,0.03846153846153847,0,0.0087527352297593,0.02380952380952381,0.05714285714285714,0,0.03846153846153846,0,0.0087527352297593,0.01180356842282444,Yangon,Dala,0.02302436940711244,C
MMR013031,1,0,1,1,0,0,0.0066486712651213,0.00523560209424083,0,0,0,0.00595238095238096,0.02857142857142857,0.00523560209424083,0,0,0,0.0013089005235602,Yangon,Seikgyikanaungto,0.008890555286733,C
MMR013033,2,20,11,51,10,11,0.1107901741325088,0.01047120418848166,0.19230769230769235,0.14285714285714285,0.01203501094091904,0.3035714285714286,0.3142857142857143,0.01047120418848167,0.19230769230769232,0.14285714285714285,0.01203501094091903,0.08941776257355898,Yangon,Kyauktada,0.16345983405390235,B
MMR013034,0,3,0,3,1,1,0.00459349850848931,0,0.02884615384615385,0.01428571428571428,0.00109409190371991,0.01785714285714286,0,0,0.02884615384615384,0.01428571428571428,0.00109409190371991,0.01105649000889701,Yangon,Pabedan,0.00566086230154524,B
MMR013035,0,10,2,5,3,3,0.02377231197116668,0,0.09615384615384616,0.04285714285714286,0.00328227571115974,0.02976190476190477,0.05714285714285714,0,0.09615384615384616,0.04285714285714286,0.00328227571115973,0.03557331618053719,Yangon,Lanmadaw,0.03336116912515784,B
MMR013036,0,4,0,1,2,2,0.00563248621017332,0,0.03846153846153847,0.02857142857142856,0.00218818380743983,0.00595238095238096,0,0,0.03846153846153846,0.02857142857142857,0.00218818380743982,0.01730528771010171,Yangon,Latha,0.01214275476093009,B
MMR013037,1,10,3,3,2,5,0.02827928988911079,0.00523560209424083,0.09615384615384616,0.02857142857142856,0.00547045951859957,0.01785714285714286,0.08571428571428572,0.00523560209424083,0.09615384615384616,0.02857142857142857,0.00547045951859956,0.03385783408452878,Yangon,Ahlone,0.03328490644348025,B
MMR013038,1,15,5,5,7,11,0.04996737827071881,0.00523560209424083,0.14423076923076925,0.1,0.01203501094091904,0.02976190476190477,0.14285714285714285,0.00523560209424083,0.14423076923076922,0.1,0.01203501094091903,0.06537534556648228,Yangon,Kyeemyindaing,0.069829290706326555,B
MMR013039,3,21,19,30,9,11,0.1460955994474907,0.0157068062827225,0.20192307692307693,0.1285714285714286,0.01203501094091904,0.17857142857142858,0.5428571428571427,0.01570680628272251,0.20192307692307693,0.12857142857142856,0.01203501094091903,0.08955908067953676,Yangon,Sanchaung,0.19656340184603951,B
MMR013040,3,30,14,23,18,25,0.13329965940361024,0.0157068062827225,0.2884615384615385,0.2571428571428572,0.02735229759299782,0.13690476190476192,0.4,0.01570680628272251,0.28846153846153844,0.2571428571428571,0.02735229759299781,0.14716587487002897,Yangon,Hlaing,0.18856873546268987,B
MMR013041,4,12,9,18,8,12,0.07905892630109274,0.02094240837696334,0.1153846153846154,0.1142857142857143,0.01312910284463896,0.10714285714285716,0.2571428571428571,0.02094240837696335,0.1153846153846154,0.11428571428571428,0.01312910284463895,0.065935460222983,Yangon,Kamaryut,0.10879212702128396,B
MMR013042,3,28,5,16,11,19,0.07048159676443169,0.0157068062827225,0.2692307692307693,0.15714285714285714,0.02078774617067835,0.09523809523809525,0.14285714285714285,0.01570680628272251,0.2692307692307692,0.15714285714285714,0.02078774617067833,0.1157170447067568,Yangon,Mayangone,0.10822097914605744,B
MMR013043,0,4,1,1,0,0,0.00868669208136125,0,0.03846153846153847,0,0,0.00595238095238096,0.02857142857142857,0,0.03846153846153846,0,0,0.00961538461538461,Yangon,Dagon,0.01382567771990548,B
MMR013044,0,18,4,9,5,4,0.04436857130394668,0,0.1730769230769231,0.07142857142857142,0.00437636761487965,0.05357142857142857,0.11428571428571428,0,0.17307692307692307,0.07142857142857142,0.00437636761487965,0.06222046553009353,Yangon,Bahan,0.06829674847242807,B
MMR014001,1,23,17,63,14,15,0.1634222067630745,0.00523560209424083,0.22115384615384617,0.2,0.01641137855579869,0.37500000000000006,0.48571428571428565,0.00523560209424083,0.22115384615384617,0.2,0.01641137855579868,0.11070020670097142,Shan-South,Taunggyi,0.23209219116725455,A2
MMR014002,3,0,0,4,8,41,0.03100710837159375,0.0157068062827225,0,0.1142857142857143,0.04485776805251642,0.02380952380952381,0,0.01570680628272251,0,0.11428571428571428,0.04485776805251641,0.0437125721552383,Shan-South,Nyaungshwe,0.0194348266602386,C
MMR014003,1,1,0,5,0,1,0.00368860826847696,0.00523560209424083,0.00961538461538461,0,0.00109409190371991,0.02976190476190477,0,0.00523560209424083,0.00961538461538461,0,0.00109409190371991,0.00398626965333634,Shan-South,Hopong,0.00479088075990398,C
MMR014004,0,2,0,5,0,2,0.02180902659027058,0,0.01923076923076923,0,0.00218818380743983,0.02976190476190477,0,0,0.01923076923076923,0,0.00218818380743982,0.00535473825955226,Shan-South,Hsihseng,0.00759683621877579,C
MMR014005,2,7,4,21,7,15,0.04828362615150934,0.01047120418848166,0.06730769230769232,0.1,0.01641137855579869,0.12500000000000003,0.11428571428571428,0.01047120418848167,0.0673076923076923,0.1,0.01641137855579868,0.04854756876299317,Shan-South,Kalaw,0.06786535270217313,C
MMR014006,1,3,1,8,4,7,0.01860111553605262,0.00523560209424083,0.02884615384615385,0.05714285714285713,0.00765864332603939,0.04761904761904762,0.02857142857142857,0.00523560209424083,0.02884615384615384,0.05714285714285714,0.00765864332603938,0.0247208141023228,Shan-South,Pindaya,0.00739273664432227,C
MMR014007,8,5,0,27,17,60,0.04775625447506764,0.0418848167539267,0.04807692307692308,0.24285714285714288,0.06564551422319477,0.16071428571428573,0,0.0418848167539267,0.04807692307692308,0.24285714285714283,0.06564551422319474,0.09961609922779684,Shan-South,Ywangan,0.01749828309632778,C
MMR014008,5,4,0,8,0,2,0.01027406485863698,0.02617801047120418,0.03846153846153847,0,0.00218818380743983,0.04761904761904762,0,0.02617801047120419,0.03846153846153846,0,0.00218818380743982,0.01670693318504561,Shan-South,Lawksawk,0.00695820954171687,C
MMR014009,4,1,0,5,1,24,0.03559149538324627,0.02094240837696334,0.00961538461538461,0.01428571428571428,0.02625820568927791,0.02976190476190477,0,0.02094240837696335,0.00961538461538461,0.01428571428571428,0.0262582056892779,0.01777542824183503,Shan-South,Pinlaung,0.02225484912294812,C
MMR014010,73,30,2,36,26,353,0.24999981932484663,0.3821989528795811,0.2884615384615385,0.37142857142857144,0.3862144420131291,0.2142857142857143,0.05714285714285714,0.3821989528795812,0.28846153846153844,0.37142857142857144,0.3862144420131291,0.357075876195705,Shan-South,Pekon,0.2644808085644133,A1
MMR014011,0,2,2,4,0,1,0.0149903506305501,0,0.01923076923076923,0,0.00109409190371991,0.02380952380952381,0.05714285714285714,0,0.01923076923076923,0,0.00109409190371991,0.00508121528362228,Shan-South,Loilen,0.01639370855754034,D
MMR014012,0,0,0,1,0,0,0.00412142009148504,0,0,0,0,0.00595238095238096,0,0,0,0,0,0,Shan-South,Laihka,NA,C
MMR014013,4,0,0,5,0,3,0.00530590710259922,0.02094240837696334,0,0,0.00328227571115974,0.02976190476190477,0,0.02094240837696335,0,0,0.00328227571115973,0.00605617102203077,Shan-South,Nansang,0.01069267020047317,D
MMR014014,0,0,0,1,1,0,0.00222624396540836,0,0,0.01428571428571428,0,0.00595238095238096,0,0,0,0.01428571428571428,0,0.00357142857142857,Shan-South,Kunhing,0.00368321534568202,D
MMR014015,23,1,0,6,1,2,0.02026150365800382,0.12041884816753926,0.00961538461538461,0.01428571428571428,0.00218818380743983,0.03571428571428572,0,0.12041884816753928,0.00961538461538461,0.01428571428571428,0.00218818380743982,0.0366270327190195,Shan-South,Kyethi,0.04241607668119009,D
MMR014016,13,13,0,19,10,11,0.0532774026122732,0.06806282722513088,0.12500000000000003,0.14285714285714285,0.01203501094091904,0.1130952380952381,0,0.06806282722513089,0.125,0.14285714285714285,0.01203501094091903,0.0869887452557982,Shan-South,Mongkaing,0.0496888923058023,D
MMR014017,0,0,0,1,5,1,0.00608769402979512,0,0,0.07142857142857142,0.00109409190371991,0.00595238095238096,0,0,0,0.07142857142857142,0.00109409190371991,0.01813066583307283,Shan-South,Monghsu,0.00865420565709407,D
MMR014019,1,0,0,1,1,1,0.00235303827125404,0.00523560209424083,0,0.01428571428571428,0.00109409190371991,0.00595238095238096,0,0.00523560209424083,0,0.01428571428571428,0.00109409190371991,0.00515385207091875,Shan-South,Mongnai,0.00149781864241073,C
MMR014020,1,0,0,0,0,0,6.716789653751758e-4,0.00523560209424083,0,0,0,0,0,0.00523560209424083,0,0,0,0.0013089005235602,Shan-South,Mawkmai,NA,D
MMR014021,2,1,0,0,0,4,0.00372614509689617,0.01047120418848166,0.00961538461538461,0,0.00437636761487965,0,0,0.01047120418848167,0.00961538461538461,0,0.00437636761487965,0.00611573910468648,Shan-South,Mongpan,0.00608151930158693,C
MMR015001,27,25,14,25,14,36,0.14439702879636812,0.1413612565445026,0.2403846153846154,0.2,0.03938730853391686,0.14880952380952384,0.4,0.14136125654450263,0.2403846153846154,0.2,0.03938730853391685,0.1552832951157587,Shan-North,Lashio,0.21486220402348732,A2
MMR015002,29,6,0,4,3,81,0.04090912840760888,0.1518324607329843,0.0576923076923077,0.04285714285714286,0.08862144420131292,0.02380952380952381,0,0.1518324607329843,0.05769230769230769,0.04285714285714286,0.0886214442013129,0.08525083887093694,Shan-North,Hseni,0.08359282671948852,C
MMR015003,0,5,0,1,6,2,0.01071624587949336,0,0.04807692307692308,0.08571428571428572,0.00218818380743983,0.00595238095238096,0,0,0.04807692307692308,0.08571428571428572,0.00218818380743982,0.03399484814966215,Shan-North,Mongyai,0.024890690842626,D
MMR015004,0,1,0,2,6,1,0.00875070536527966,0,0.00961538461538461,0.08571428571428572,0.00109409190371991,0.0119047619047619,0,0,0.00961538461538461,0.08571428571428572,0.00109409190371991,0.02410594055834756,Shan-North,Tangyan,0.01928605827005136,D
MMR015005,1,0,0,0,0,0,6.716789653751758e-4,0.00523560209424083,0,0,0,0,0,0.00523560209424083,0,0,0,0.0013089005235602,Shan-North,Pangsang (Panghkam),0.00149781864241073,D
MMR015009,191,49,12,56,31,323,0.3393128243013844,1,0.4711538461538462,0.4428571428571429,0.3533916849015318,0.33333333333333337,0.3428571428571428,1,0.47115384615384615,0.4428571428571429,0.3533916849015317,0.5668506684781303,Shan-North,Muse,0.5957044863219239,A1
MMR015010,13,16,4,9,16,25,0.06924923104979042,0.06806282722513088,0.15384615384615388,0.2285714285714286,0.02735229759299782,0.05357142857142857,0.11428571428571428,0.06806282722513089,0.15384615384615383,0.22857142857142856,0.02735229759299781,0.11945817680892776,Shan-North,Namhkan,0.09089691208319713,C
MMR015011,98,11,9,9,18,66,0.17007972654049597,0.5130890052356021,0.10576923076923078,0.2571428571428572,0.07221006564551424,0.05357142857142857,0.2571428571428571,0.5130890052356021,0.10576923076923075,0.2571428571428571,0.07221006564551423,0.23705278969830104,Shan-North,Kutkai,0.2621812052397704,A2
MMR015012,58,29,9,31,29,26,0.1723504353198333,0.3036649214659686,0.27884615384615385,0.41428571428571426,0.02844638949671774,0.1845238095238095,0.2571428571428571,0.3036649214659686,0.27884615384615385,0.4142857142857143,0.02844638949671772,0.2563107947736386,Shan-North,Kyaukme,0.27208753493746207,A2
MMR015013,7,4,4,8,3,55,0.04407529080747537,0.03664921465968586,0.03846153846153847,0.04285714285714286,0.0601750547045952,0.04761904761904762,0.11428571428571428,0.03664921465968586,0.03846153846153846,0.04285714285714286,0.06017505470459518,0.04453573767074059,Shan-North,Nawnghkio,0.03951522112938582,C
MMR015014,26,16,4,20,19,34,0.0854240133768631,0.13612565445026176,0.15384615384615388,0.2714285714285714,0.03719912472647704,0.11904761904761904,0.11428571428571428,0.13612565445026178,0.15384615384615383,0.2714285714285714,0.03719912472647702,0.14964987611286604,Shan-North,Hsipaw,0.13892406381697212,C
MMR015015,32,11,1,17,10,6,0.05571568184478558,0.1675392670157068,0.10576923076923078,0.14285714285714285,0.00656455142231948,0.1011904761904762,0.02857142857142857,0.16753926701570682,0.10576923076923075,0.14285714285714285,0.00656455142231947,0.10568254801609998,Shan-North,Namtu,0.1112818382815668,C
MMR015016,9,5,1,8,10,10,0.03090302422433167,0.047120418848167533,0.04807692307692308,0.14285714285714285,0.01094091903719913,0.04761904761904762,0.02857142857142857,0.04712041884816754,0.04807692307692308,0.14285714285714285,0.01094091903719912,0.06224885095485814,Shan-North,Namhsan,0.05350996952428819,C
MMR015017,0,1,0,5,5,2,0.00866469114969735,0,0.00961538461538461,0.07142857142857142,0.00218818380743983,0.02976190476190477,0,0,0.00961538461538461,0.07142857142857142,0.00218818380743982,0.02080803496284896,Shan-North,Mongmit,0.01265788130594187,C
MMR015018,1,0,0,2,0,0,0.00155154333177427,0.00523560209424083,0,0,0,0.0119047619047619,0,0.00523560209424083,0,0,0,0.0013089005235602,Shan-North,Mabein,0.00239544037995199,C
MMR015019,4,5,0,0,3,7,0.01126282660197201,0.02094240837696334,0.04807692307692308,0.04285714285714286,0.00765864332603939,0,0,0.02094240837696335,0.04807692307692308,0.04285714285714286,0.00765864332603938,0.02988377940926716,Shan-North,Manton,0.0263114602063575,C
MMR015020,5,1,0,0,0,0,0.00403581977227966,0.02617801047120418,0.00961538461538461,0,0,0,0,0.02617801047120419,0.00961538461538461,0,0,0.0089483487716472,Shan-North,Kunlong,0.00909732848094947,D
MMR015022,1,1,0,2,0,3,0.00264849860227882,0.00523560209424083,0.00961538461538461,0,0.00328227571115974,0.0119047619047619,0,0.00523560209424083,0.00961538461538461,0,0.00328227571115973,0.00453331560519629,Shan-North,Laukkaing,0.00400367564884779,C
MMR015023,1,0,0,0,0,7,0.00165058305727697,0.00523560209424083,0,0,0.00765864332603939,0,0,0.00523560209424083,0,0,0.00765864332603938,0.00322356135507005,Shan-North,Konkyan,0.00408370045118264,D
MMR016001,0,0,0,5,2,2,0.00468251516135638,0,0,0.02857142857142856,0.00218818380743983,0.02976190476190477,0,0,0,0.02857142857142857,0.00218818380743982,0.00768990309471709,Shan-East,Kengtung,0.01169841463522687,C
MMR016006,0,0,0,1,0,0,4.399321831995495e-4,0,0,0,0,0.00595238095238096,0,0,0,0,0,0,Shan-East,Monghsat,0.00119772018997599,C
MMR016007,0,3,0,0,0,0,0.00203227483621135,0,0.02884615384615385,0,0,0,0,0,0.02884615384615384,0,0,0.00721153846153846,Shan-East,Mongping,0.00482470580668741,D
MMR016008,1,0,0,0,0,6,0.00151073961557671,0.00523560209424083,0,0,0.00656455142231948,0,0,0.00523560209424083,0,0,0.00656455142231947,0.00295003837914007,Shan-East,Mongton,NA,C
MMR016009,1,8,2,13,2,3,0.02550701483035162,0.00523560209424083,0.07692307692307694,0.02857142857142856,0.00328227571115974,0.0773809523809524,0.05714285714285714,0.00523560209424083,0.07692307692307693,0.02857142857142857,0.00328227571115973,0.02850309582497652,Shan-East,Tachileik,0.02776016472479763,C
MMR016010,0,0,0,2,0,0,8.79864366399098e-4,0,0,0,0,0.0119047619047619,0,0,0,0,0,0,Shan-East,Monghpyak,0.00239544037995199,D
MMR016011,0,3,0,0,0,0,0.00203227483621135,0,0.02884615384615385,0,0,0,0,0,0.02884615384615384,0,0,0.00721153846153846,Shan-East,Mongyawng,0.00482470580668741,D
MMR017001,7,18,15,60,17,33,0.14968899066781843,0.03664921465968586,0.1730769230769231,0.24285714285714288,0.03610503282275712,0.35714285714285715,0.4285714285714285,0.03664921465968586,0.17307692307692307,0.24285714285714283,0.03610503282275711,0.12217207835412722,Ayeyarwady,Pathein,0.23217039167776965,A2
MMR017002,2,8,0,11,3,5,0.01560597976061413,0.01047120418848166,0.07692307692307694,0.04285714285714286,0.00547045951859957,0.0654761904761905,0,0.01047120418848167,0.07692307692307693,0.04285714285714286,0.00547045951859956,0.03393047087182525,Ayeyarwady,Kangyidaunt,0.03304853481310119,C
MMR017003,0,1,0,0,2,2,0.00316027919076242,0,0.00961538461538461,0.02857142857142856,0.00218818380743983,0,0,0,0.00961538461538461,0.02857142857142857,0.00218818380743982,0.01009374924856325,Ayeyarwady,Thabaung,0.00731804895424268,C
MMR017004,2,3,0,13,2,5,0.01199713571901525,0.01047120418848166,0.02884615384615385,0.02857142857142856,0.00547045951859957,0.0773809523809524,0,0.01047120418848167,0.02884615384615384,0.02857142857142857,0.00547045951859956,0.01833981153116591,Ayeyarwady,Ngapudaw,0.01949801618551439,C
MMR017005,1,11,0,13,1,6,0.01578311607759153,0.00523560209424083,0.10576923076923078,0.01428571428571428,0.00656455142231948,0.0773809523809524,0,0.00523560209424083,0.10576923076923075,0.01428571428571428,0.00656455142231947,0.03296377464287634,Ayeyarwady,Kyonpyaw,0.02943463270195184,C
MMR017006,1,11,0,14,3,3,0.01800668529764844,0.00523560209424083,0.10576923076923078,0.04285714285714286,0.00328227571115974,0.08333333333333334,0,0.00523560209424083,0.10576923076923075,0.04285714285714286,0.00328227571115973,0.03928606285794355,Ayeyarwady,Yegyi,0.03501603984784252,C
MMR017007,0,6,0,6,0,0,0.00670414277161999,0,0.0576923076923077,0,0,0.03571428571428572,0,0,0.05769230769230769,0,0,0.01442307692307692,Ayeyarwady,Kyaunggon,0.0076306612655592,C
MMR017008,0,6,1,7,1,2,0.01406240563574569,0,0.0576923076923077,0.01428571428571428,0.00218818380743983,0.04166666666666667,0.02857142857142857,0,0.05769230769230769,0.01428571428571428,0.00218818380743982,0.01854155144636545,Ayeyarwady,Hinthada,0.01857545508785708,C
MMR017009,1,5,0,6,2,2,0.00918125103695003,0.00523560209424083,0.04807692307692308,0.02857142857142856,0.00218818380743983,0.03571428571428572,0,0.00523560209424083,0.04807692307692308,0.02857142857142857,0.00218818380743982,0.02101803438750807,Ayeyarwady,Zalun,0.00789693467121052,C
MMR017010,0,1,0,1,0,0,0.00111735712860333,0,0.00961538461538461,0,0,0.00595238095238096,0,0,0.00961538461538461,0,0,0.00240384615384615,Ayeyarwady,Lemyethna,0.0028059554588718,C
MMR017011,0,6,2,13,3,2,0.02444222621344768,0,0.0576923076923077,0.04285714285714286,0.00218818380743983,0.0773809523809524,0.05714285714285714,0,0.05769230769230769,0.04285714285714286,0.00218818380743982,0.02568440858922259,Ayeyarwady,Myanaung,0.03536849910837723,C
MMR017012,0,5,0,9,1,0,0.00844809805679392,0,0.04807692307692308,0.01428571428571428,0,0.05357142857142857,0,0,0.04807692307692308,0.01428571428571428,0,0.01559065934065934,Ayeyarwady,Kyangin,0.00809740607344962,C
MMR017013,1,0,1,6,4,3,0.01367419723013606,0.00523560209424083,0,0.05714285714285713,0.00328227571115974,0.03571428571428572,0.02857142857142857,0.00523560209424083,0,0.05714285714285714,0.00328227571115973,0.01641518373706443,Ayeyarwady,Ingapu,0.01881179436833575,C
MMR017014,0,5,3,13,2,0,0.0279205908202109,0,0.04807692307692308,0.02857142857142856,0,0.0773809523809524,0.08571428571428572,0,0.04807692307692308,0.02857142857142857,0,0.01916208791208791,Ayeyarwady,Myaungmya,0.04477213810866586,C
MMR017015,0,0,1,4,0,0,0.00729678884934477,0,0,0,0,0.02380952380952381,0.02857142857142857,0,0,0,0,0,Ayeyarwady,Einme,0.01098589721425026,C
MMR017016,0,5,1,4,2,2,0.01316676782172232,0,0.04807692307692308,0.02857142857142856,0.00218818380743983,0.02380952380952381,0.02857142857142857,0,0.04807692307692308,0.02857142857142857,0.00218818380743982,0.01970913386394787,Ayeyarwady,Labutta,0.01751674105743676,D
MMR017017,1,2,1,12,1,1,0.01408420229380322,0.00523560209424083,0.01923076923076923,0.01428571428571428,0.00109409190371991,0.07142857142857144,0.02857142857142857,0.00523560209424083,0.01923076923076923,0.01428571428571428,0.00109409190371991,0.00996154437861106,Ayeyarwady,Wakema,0.02544131592454729,D
MMR017018,3,7,1,4,3,4,0.017917925173035,0.0157068062827225,0.06730769230769232,0.04285714285714286,0.00437636761487965,0.02380952380952381,0.02857142857142857,0.01570680628272251,0.0673076923076923,0.04285714285714286,0.00437636761487965,0.03256200226560933,Ayeyarwady,Mawlamyinegyun,0.03120799012717158,D
MMR017019,2,17,2,35,10,12,0.05202528675788574,0.01047120418848166,0.16346153846153846,0.14285714285714285,0.01312910284463896,0.20833333333333337,0.05714285714285714,0.01047120418848167,0.16346153846153846,0.14285714285714285,0.01312910284463895,0.0824797470879505,Ayeyarwady,Maubin,0.08678996442647999,C
MMR017020,0,1,1,5,1,0,0.00951572965892716,0,0.00961538461538461,0.01428571428571428,0,0.02976190476190477,0.02857142857142857,0,0.00961538461538461,0.01428571428571428,0,0.00597527472527472,Ayeyarwady,Pantanaw,0.01747506801880408,C
MMR017021,0,7,1,7,4,1,0.01790473818238641,0,0.06730769230769232,0.05714285714285713,0.00109409190371991,0.04166666666666667,0.02857142857142857,0,0.0673076923076923,0.05714285714285714,0.00109409190371991,0.03138616033856734,Ayeyarwady,Nyaungdon,0.032464881630558363,C
MMR017022,0,4,1,2,1,1,0.01036805138724012,0,0.03846153846153847,0.01428571428571428,0.00109409190371991,0.0119047619047619,0.02857142857142857,0,0.03846153846153846,0.01428571428571428,0.00109409190371991,0.01346033616274316,Ayeyarwady,Danubyu,0.01627006948365911,C
MMR017023,0,16,2,10,5,5,0.03251937680494578,0,0.15384615384615388,0.07142857142857142,0.00547045951859957,0.05952380952380953,0.05714285714285714,0,0.15384615384615383,0.07142857142857142,0.00547045951859956,0.05768629619833121,Ayeyarwady,Pyapon,0.04901430802543087,C
MMR017024,3,9,0,12,2,3,0.01601374529021306,0.0157068062827225,0.08653846153846155,0.02857142857142856,0.00328227571115974,0.07142857142857144,0,0.01570680628272251,0.08653846153846154,0.02857142857142857,0.00328227571115973,0.03352474302594309,Ayeyarwady,Bogale,0.01466546238697773,D
MMR017025,0,7,0,10,2,2,0.01162415069518061,0,0.06730769230769232,0.02857142857142856,0.00218818380743983,0.05952380952380953,0,0,0.0673076923076923,0.02857142857142857,0.00218818380743982,0.02451682617164017,Ayeyarwady,Kyaiklat,0.01201102694654339,C
MMR017026,0,2,1,1,0,0,0.00733184219055369,0,0.01923076923076923,0,0,0.00595238095238096,0.02857142857142857,0,0.01923076923076923,0,0,0.0048076923076923,Ayeyarwady,Dedaye,0.00900097191321807,C
MMR018001,0,3,6,108,3,3,0.08649159268908005,0,0.02884615384615385,0.04285714285714286,0.00328227571115974,0.6428571428571429,0.17142857142857143,0,0.02884615384615384,0.04285714285714286,0.00328227571115973,0.01874639310361411,Nay Pyi Taw,Zay Yar Thi Ri,0.1220122213804254,C
MMR018002,0,6,1,3,0,2,0.01120109322196843,0,0.0576923076923077,0,0.00218818380743983,0.01785714285714286,0.02857142857142857,0,0.05769230769230769,0,0.00218818380743982,0.01497012287493688,Nay Pyi Taw,Za Bu Thi Ri,0.01782935336875328,B
MMR018003,0,6,1,3,1,1,0.01216283346124724,0,0.0576923076923077,0.01428571428571428,0.00109409190371991,0.01785714285714286,0.02857142857142857,0,0.05769230769230769,0.01428571428571428,0.00109409190371991,0.01826802847043547,Nay Pyi Taw,Tatkon,0.01101972226103368,C
MMR018004,1,0,0,1,2,0,0.00331477851053285,0.00523560209424083,0,0.02857142857142856,0,0.00595238095238096,0,0.00523560209424083,0,0.02857142857142857,0,0.00845175766641735,Nay Pyi Taw,Det Khi Na Thi Ri,0.00646880895382278,C
MMR018005,0,2,1,1,2,2,0.00981469643591233,0,0.01923076923076923,0.02857142857142856,0.00218818380743983,0.00595238095238096,0.02857142857142857,0,0.01923076923076923,0.02857142857142857,0.00218818380743982,0.0124975954024094,Nay Pyi Taw,Poke Ba Thi Ri,0.01512130067748476,C
MMR018006,3,13,5,4,2,33,0.04708459143997238,0.0157068062827225,0.12500000000000003,0.02857142857142856,0.03610503282275712,0.02380952380952381,0.14285714285714285,0.01570680628272251,0.125,0.02857142857142857,0.03610503282275711,0.05134581691922705,Nay Pyi Taw,Pyinmana,0.06933016204890595,C
MMR018007,1,2,0,1,2,5,0.0053688456098417,0.00523560209424083,0.01923076923076923,0.02857142857142856,0.00547045951859957,0.00595238095238096,0,0.00523560209424083,0.01923076923076923,0.02857142857142857,0.00547045951859956,0.01462706485375955,Nay Pyi Taw,Lewe,0.00913632789981919,C
MMR018008,0,2,0,5,1,1,0.00479593792948463,0,0.01923076923076923,0.01428571428571428,0.00109409190371991,0.02976190476190477,0,0,0.01923076923076923,0.01428571428571428,0.00109409190371991,0.00865264385505085,Nay Pyi Taw,Oke Ta Ra Thi Ri,0.01086225814036903,C
MMR007002,NA,NA,NA,NA,NA,NA,NA,NA,NA,NA,NA,NA,NA,NA,NA,NA,NA,NA,NA,NA,NA,C
MMR002007,NA,NA,NA,NA,NA,NA,NA,NA,NA,NA,NA,NA,NA,NA,NA,NA,NA,NA,NA,NA,NA,C
MMR005036,NA,NA,NA,NA,NA,NA,NA,NA,NA,NA,NA,NA,NA,NA,NA,NA,NA,NA,NA,NA,NA,D
MMR016002,NA,NA,NA,NA,NA,NA,NA,NA,NA,NA,NA,NA,NA,NA,NA,NA,NA,NA,NA,NA,NA,D
MMR016003,NA,NA,NA,NA,NA,NA,NA,NA,NA,NA,NA,NA,NA,NA,NA,NA,NA,NA,NA,NA,NA,D
MMR016005,NA,NA,NA,NA,NA,NA,NA,NA,NA,NA,NA,NA,NA,NA,NA,NA,NA,NA,NA,NA,NA,C
MMR015007,NA,NA,NA,NA,NA,NA,NA,NA,NA,NA,NA,NA,NA,NA,NA,NA,NA,NA,NA,NA,NA,D
MMR015008,NA,NA,NA,NA,NA,NA,NA,NA,NA,NA,NA,NA,NA,NA,NA,NA,NA,NA,NA,NA,NA,D
MMR015021,NA,NA,NA,NA,NA,NA,NA,NA,NA,NA,NA,NA,NA,NA,NA,NA,NA,NA,NA,NA,NA,D
MMR015006,NA,NA,NA,NA,NA,NA,NA,NA,NA,NA,NA,NA,NA,NA,NA,NA,NA,NA,NA,NA,NA,D
MMR015024,NA,NA,NA,NA,NA,NA,NA,NA,NA,NA,NA,NA,NA,NA,NA,NA,NA,NA,NA,NA,NA,D
MMR014018,NA,NA,NA,NA,NA,NA,NA,NA,NA,NA,NA,NA,NA,NA,NA,NA,NA,NA,NA,NA,NA,C
MMR013032,NA,NA,NA,NA,NA,NA,NA,NA,NA,NA,NA,NA,NA,NA,NA,NA,NA,NA,NA,NA,NA,C
MMR013045,NA,NA,NA,NA,NA,NA,NA,NA,NA,NA,NA,NA,NA,NA,NA,NA,NA,NA,NA,NA,NA,C
